date,open,high,low,close,volume,amount,turnover_rate,change_pct,amplitude
2023-09-15,10.9,10.97,10.89,10.94,19940.0,218143.59999999998,0.0,,0.7346189164370989
2023-09-18,10.93,11.07,10.83,11.06,30253.0,334598.18,0.0,1.0968921389396868,2.2160664819944618
2023-09-19,11.06,11.1,11.01,11.09,16150.0,179103.5,0.0,0.2712477396021651,0.8174386920980914
2023-09-20,11.06,11.16,11.02,11.12,21671.0,240981.52,0.0,0.27051397655544207,1.270417422867519
2023-09-21,11.12,11.17,11.06,11.14,25228.0,281039.92000000004,0.0,0.17985611510793476,0.9945750452079514
2023-09-22,11.16,11.16,11.0,11.09,26073.0,289149.57,0.0,-0.4488330341113178,1.4545454545454557
2023-09-25,11.11,11.15,11.02,11.12,30345.0,337436.39999999997,0.0,0.27051397655544207,1.179673321234127
2023-09-26,11.07,11.2,11.06,11.12,23732.0,263899.83999999997,0.0,0.0,1.2658227848101156
2023-09-27,11.07,11.17,11.07,11.14,19012.0,211793.68000000002,0.0,0.17985611510793476,0.9033423667569977
2023-09-28,11.15,11.18,11.08,11.13,19702.0,219283.26,0.0,-0.08976660682226134,0.9025270758122712
2023-10-09,11.13,11.13,10.78,10.81,34905.0,377323.05,0.0,-2.875112309074579,3.2467532467532605
2023-10-10,10.77,10.92,10.75,10.81,16668.0,180181.08000000002,0.0,0.0,1.5813953488372088
2023-10-11,10.77,10.87,10.62,10.68,26719.0,285358.92,0.0,-1.2025901942645745,2.354048964218456
2023-10-12,10.74,10.83,10.71,10.81,20756.0,224372.36000000002,0.0,1.217228464419473,1.1204481792717012
2023-10-13,10.77,10.84,10.61,10.63,16583.0,176277.29,0.0,-1.6651248843663202,2.167766258246941
2023-10-16,10.69,10.69,10.52,10.6,27249.0,288839.39999999997,0.0,-0.2822201317027373,1.6159695817490487
2023-10-17,10.55,10.66,10.51,10.59,19886.0,210592.74,0.0,-0.09433962264150386,1.4272121788772631
2023-10-18,10.55,10.62,10.4,10.42,22293.0,232293.06,0.0,-1.6052880075542952,2.1153846153846043
2023-10-19,10.41,10.42,10.29,10.31,23073.0,237882.63,0.0,-1.055662188099804,1.2633624878522915
2023-10-20,10.36,10.43,10.24,10.35,35149.0,363792.14999999997,0.0,0.38797284190106307,1.8554687499999951
2023-10-23,10.29,10.31,10.04,10.1,24828.0,250762.8,0.0,-2.4154589371980673,2.68924302788846
2023-10-24,10.12,10.25,10.08,10.25,27546.0,282346.5,0.0,1.4851485148514865,1.6865079365079356
2023-10-25,10.28,10.51,10.28,10.4,28189.0,293165.60000000003,0.0,1.4634146341463428,2.237354085603117
2023-10-26,10.3,10.37,10.19,10.27,25691.0,263846.57,0.0,-1.2500000000000067,1.7664376840039229
2023-10-27,10.2,10.44,10.2,10.4,20706.0,215342.4,0.0,1.2658227848101333,2.3529411764705905
2023-10-30,10.29,10.59,9.74,10.59,122076.0,1292784.84,0.0,1.8269230769230704,8.72689938398357
2023-10-31,9.95,10.02,9.8,9.96,121608.0,1211215.6800000002,0.0,-5.949008498583563,2.2448979591836618
2023-11-01,9.86,9.92,9.78,9.82,67442.0,662280.4400000001,0.0,-1.4056224899598457,1.4314928425357931
2023-11-02,9.81,9.84,9.77,9.81,50752.0,497877.12000000005,0.0,-0.10183299389001643,0.7164790174002077
2023-11-03,9.81,9.84,9.78,9.83,43406.0,426680.98,0.0,0.20387359836899765,0.6134969325153425
2023-11-06,9.86,9.94,9.84,9.94,64876.0,644867.44,0.0,1.1190233977619535,1.0162601626016223
2023-11-07,9.93,9.99,9.87,9.94,46620.0,463402.8,0.0,0.0,1.2158054711246302
2023-11-08,9.93,9.98,9.87,9.93,36931.0,366724.83,0.0,-0.1006036217303774,1.114488348530914
2023-11-09,9.93,9.96,9.88,9.92,26978.0,267621.76,0.0,-0.10070493454179541,0.8097165991902842
2023-11-10,9.89,9.91,9.75,9.79,40167.0,393234.93,0.0,-1.310483870967749,1.6410256410256423
2023-11-13,9.81,9.82,9.72,9.82,31741.0,311696.62,0.0,0.306435137895833,1.0288065843621363
2023-11-14,9.81,9.9,9.81,9.9,30952.0,306424.8,0.0,0.8146639511201537,0.917431192660549
2023-11-15,9.91,10.0,9.9,9.94,26898.0,267366.12,0.0,0.40404040404038444,1.0101010101010066
2023-11-16,9.91,9.93,9.84,9.89,23085.0,228310.65000000002,0.0,-0.5030181086518981,0.914634146341462
2023-11-17,9.85,9.87,9.79,9.86,16319.0,160905.34,0.0,-0.30333670374116384,0.8171603677221662
2023-11-20,9.87,9.9,9.8,9.9,22689.0,224621.1,0.0,0.40567951318459805,1.0204081632653024
2023-11-21,9.9,10.07,9.9,10.0,47657.0,476570.0,0.0,1.0101010101010166,1.7171717171717165
2023-11-22,9.99,10.17,9.95,10.02,48443.0,485398.86,0.0,0.20000000000000018,2.2110552763819165
2023-11-23,9.99,10.13,9.89,10.13,47121.0,477335.73000000004,0.0,1.0978043912175828,2.4266936299292237
2023-11-24,10.12,10.19,10.06,10.12,37275.0,377222.99999999994,0.0,-0.09871668311945969,1.2922465208747416
2023-11-27,10.12,10.14,9.92,9.99,35521.0,354854.79,0.0,-1.2845849802371467,2.217741935483877
2023-11-28,10.0,10.03,9.91,9.99,23959.0,239350.41,0.0,0.0,1.2108980827446945
2023-11-29,9.93,9.99,9.81,9.86,26534.0,261625.24,0.0,-1.3013013013013053,1.834862385321098
2023-11-30,9.86,9.86,9.78,9.81,20054.0,196729.74000000002,0.0,-0.5070993914807143,0.8179959100204507
2023-12-01,9.78,9.88,9.76,9.84,28683.0,282240.72,0.0,0.3058103975535076,1.2295081967213217
2023-12-04,9.8,9.88,9.8,9.85,21669.0,213439.65,0.0,0.10162601626015899,0.8163265306122455
2023-12-05,9.82,9.87,9.72,9.73,26793.0,260695.89,0.0,-1.2182741116751217,1.5432098765431952
2023-12-06,9.72,9.73,9.57,9.67,37760.0,365139.2,0.0,-0.6166495375128478,1.6718913270637423
2023-12-07,9.66,9.66,9.56,9.64,28825.0,277873.0,0.0,-0.31023784901756946,1.0460251046025069
2023-12-08,9.76,9.9,9.64,9.69,65807.0,637669.83,0.0,0.5186721991701226,2.697095435684645
2023-12-11,9.64,9.64,9.34,9.58,41521.0,397771.18,0.0,-1.1351909184726505,3.211991434689515
2023-12-12,9.51,9.68,9.49,9.68,31932.0,309101.76,0.0,1.0438413361169019,2.002107481559531
2023-12-13,9.62,9.69,9.51,9.56,25636.0,245080.16,0.0,-1.2396694214875992,1.892744479495265
2023-12-14,9.54,9.7,9.54,9.65,25035.0,241587.75,0.0,0.9414225941422494,1.6771488469601692
2023-12-15,9.65,9.78,9.64,9.69,28286.0,274091.33999999997,0.0,0.4145077720207224,1.4522821576763358
2023-12-18,9.64,9.7,9.49,9.52,25408.0,241884.16,0.0,-1.754385964912275,2.212855637513162
2023-12-19,9.52,9.54,9.31,9.38,25784.0,241853.92,0.0,-1.4705882352941013,2.470461868958095
2023-12-20,9.37,9.4,9.23,9.26,23372.0,216424.72,0.0,-1.279317697228155,1.8418201516793058
2023-12-21,9.24,9.32,9.17,9.31,18067.0,168203.77000000002,0.0,0.5399568034557323,1.6357688113413342
2023-12-22,9.31,9.31,9.16,9.24,27884.0,257648.16,0.0,-0.7518796992481258,1.6375545851528424
2023-12-25,9.16,9.22,9.01,9.03,31612.0,285456.36,0.0,-2.272727272727282,2.3307436182020074
2023-12-26,9.01,9.03,8.9,8.95,23724.0,212329.8,0.0,-0.8859357696566983,1.4606741573033595
2023-12-27,8.93,9.01,8.88,8.99,18137.0,163051.63,0.0,0.4469273743016755,1.4639639639639526
2023-12-28,8.98,9.16,8.84,9.14,24555.0,224432.7,0.0,1.6685205784204626,3.6199095022624466
2023-12-29,9.15,9.16,9.05,9.1,26648.0,242496.8,0.0,-0.4376367614879806,1.215469613259662
2024-01-02,9.12,9.12,9.01,9.06,22007.0,199383.42,0.0,-0.4395604395604269,1.220865704772469
2024-01-03,9.05,9.14,9.04,9.09,25640.0,233067.6,0.0,0.3311258278145601,1.1061946902655024
2024-01-04,9.08,9.08,8.96,9.04,19367.0,175077.68,0.0,-0.5500550055005604,1.3392857142857053
2024-01-05,9.04,9.1,8.97,9.01,23005.0,207275.05,0.0,-0.33185840707964376,1.4492753623188293
2024-01-08,9.04,9.04,8.71,8.74,26361.0,230395.14,0.0,-2.9966703662597016,3.7887485648679475
2024-01-09,8.72,8.87,8.66,8.82,22055.0,194525.1,0.0,0.9153318077803174,2.4249422632794353
2024-01-10,8.76,8.84,8.72,8.8,15596.0,137244.80000000002,0.0,-0.22675736961450532,1.3761467889908165
2024-01-11,8.79,8.89,8.72,8.89,14369.0,127740.41,0.0,1.0227272727272751,1.9495412844036688
2024-01-12,8.88,9.04,8.84,8.98,22294.0,200200.12,0.0,1.012373453318327,2.262443438914019
2024-01-15,8.94,9.03,8.86,9.02,17570.0,158481.4,0.0,0.44543429844097204,1.9187358916478547
2024-01-16,9.05,9.07,8.86,8.98,22021.0,197748.58000000002,0.0,-0.44345898004433115,2.3702031602708904
2024-01-17,8.95,8.98,8.82,8.83,21028.0,185677.24,0.0,-1.6703786191536785,1.8140589569161012
2024-01-18,8.79,8.79,8.27,8.55,43637.0,373096.35000000003,0.0,-3.171007927519809,6.287787182587662
2024-01-19,8.54,8.64,8.47,8.61,27197.0,234166.16999999998,0.0,0.7017543859648923,2.007083825265642
2024-01-22,8.53,8.56,8.02,8.14,33667.0,274049.38,0.0,-5.458768873403008,6.733167082294276
2024-01-23,8.39,8.85,8.12,8.69,92741.0,805919.2899999999,0.0,6.756756756756732,8.990147783251237
2024-01-24,8.67,9.64,8.63,9.64,248919.0,2399579.16,0.0,10.932105868814745,11.703360370799533
2024-01-25,10.1,10.68,9.89,10.68,323575.0,3455781.0,0.0,10.788381742738572,7.987866531850345
2024-01-26,11.21,11.82,11.16,11.82,586043.0,6927028.26,0.0,10.674157303370801,5.913978494623657
2024-01-29,11.74,11.74,10.56,10.56,603775.0,6375864.0,0.0,-10.659898477157359,11.174242424242422
2024-01-30,9.82,10.61,9.61,10.05,414760.0,4168338.0000000005,0.0,-4.829545454545448,10.405827263267431
2024-01-31,9.89,10.18,9.27,9.37,303378.0,2842651.86,0.0,-6.766169154228874,9.816612729234091
2024-02-01,9.34,9.65,8.74,8.8,271676.0,2390748.8000000003,0.0,-6.083244397011722,10.411899313501145
2024-02-02,8.8,9.34,8.6,9.18,298220.0,2737659.6,0.0,4.318181818181799,8.6046511627907
2024-02-05,8.82,8.82,8.19,8.19,228130.0,1868384.7,0.0,-10.784313725490202,7.692307692307702
2024-02-06,7.79,8.44,7.34,8.27,197800.0,1635806.0,0.0,0.9768009768009733,14.986376021798362
2024-02-07,8.24,8.78,8.17,8.49,203332.0,1726288.68,0.0,2.6602176541717037,7.46634026927784
2024-02-08,8.6,8.86,8.45,8.76,163626.0,1433363.76,0.0,3.180212014134276,4.852071005917162
2024-02-19,8.71,8.86,8.49,8.68,141094.0,1224695.92,0.0,-0.91324200913242,4.35806831566548
2024-02-20,8.69,9.32,8.63,9.22,230133.0,2121826.2600000002,0.0,6.2211981566820285,7.995365005793737
2024-02-21,9.07,9.35,8.88,9.14,205263.0,1876103.82,0.0,-0.8676789587852451,5.292792792792779
2024-02-22,9.12,9.19,8.96,9.12,121630.0,1109265.5999999999,0.0,-0.2188183807440014,2.5669642857142705
2024-02-23,9.21,9.21,8.93,9.09,109308.0,993609.72,0.0,-0.3289473684210509,3.1354983202687694
2024-02-26,9.06,9.14,8.91,8.94,92318.0,825322.9199999999,0.0,-1.650165016501659,2.5813692480359194
2024-02-27,8.91,9.1,8.86,9.09,104816.0,952777.44,0.0,1.6778523489932917,2.7088036117381518
2024-02-28,9.09,9.27,8.78,8.88,144000.0,1278720.0,0.0,-2.310231023102305,5.58086560364465
2024-02-29,8.87,8.98,8.77,8.97,97814.0,877391.5800000001,0.0,1.0135135135135087,2.3945267958951066
2024-03-01,8.94,9.0,8.81,8.89,91920.0,817168.8,0.0,-0.8918617614269819,2.1566401816117993
2024-03-04,8.87,8.88,8.62,8.72,90025.0,785018.0,0.0,-1.9122609673790758,3.0162412993039625
2024-03-05,8.74,8.81,8.59,8.64,59756.0,516291.84,0.0,-0.9174311926605561,2.5611175785797515
2024-03-06,8.59,8.69,8.48,8.63,45056.0,388833.28,0.0,-0.11574074074073293,2.4764150943396115
2024-03-07,8.63,8.71,8.52,8.58,47483.0,407404.14,0.0,-0.5793742757821629,2.2300469483568226
2024-03-08,8.56,8.6,8.46,8.6,39612.0,340663.2,0.0,0.2331002331002363,1.6548463356973848
2024-03-11,8.58,8.71,8.57,8.7,63713.0,554303.1,0.0,1.1627906976744207,1.6336056009334954
2024-03-12,8.67,8.96,8.6,8.9,109978.0,978804.2000000001,0.0,2.298850574712663,4.1860465116279215
2024-03-13,8.85,8.87,8.57,8.69,78676.0,683694.44,0.0,-2.359550561797763,3.500583430571749
2024-03-14,8.65,8.76,8.58,8.65,46295.0,400451.75,0.0,-0.460299194476399,2.0979020979020944
2024-03-15,8.63,8.79,8.6,8.78,60046.0,527203.88,0.0,1.5028901734103872,2.20930232558139
2024-03-18,8.78,8.83,8.75,8.82,65233.0,575355.06,0.0,0.4555808656036442,0.914285714285715
2024-03-19,8.77,8.86,8.76,8.79,45265.0,397879.35,0.0,-0.3401360544217802,1.1415525114155212
2024-03-20,8.73,8.81,8.73,8.81,35450.0,312314.5,0.0,0.22753128555177415,0.9163802978235975
2024-03-21,8.82,8.89,8.78,8.83,52487.0,463460.21,0.0,0.2270147559591429,1.2528473804100366
2024-03-22,8.83,8.84,8.56,8.66,57916.0,501552.56,0.0,-1.925254813137034,3.2710280373831697
2024-03-25,8.63,8.83,8.56,8.65,54985.0,475620.25,0.0,-0.11547344110853786,3.1542056074766305
2024-03-26,8.65,8.71,8.53,8.7,51536.0,448363.19999999995,0.0,0.5780346820809079,2.110199296600252
2024-03-27,8.66,8.68,8.44,8.44,46404.0,391649.75999999995,0.0,-2.9885057471264354,2.8436018957346
2024-03-28,8.44,8.57,8.4,8.51,35790.0,304572.89999999997,0.0,0.82938388625593,2.023809523809523
2024-03-29,8.43,8.51,8.41,8.47,31501.0,266813.47000000003,0.0,-0.4700352526439411,1.1890606420927425
2024-04-01,8.45,8.64,8.45,8.63,42057.0,362951.91000000003,0.0,1.8890200708382432,2.2485207100591866
2024-04-02,8.62,8.71,8.55,8.7,51824.0,450868.8,0.0,0.811123986094997,1.8713450292397675
2024-04-03,8.64,8.7,8.59,8.68,30994.0,269027.92,0.0,-0.22988505747125743,1.2805587892898653
2024-04-08,8.67,8.68,8.52,8.56,36504.0,312474.24,0.0,-1.3824884792626668,1.8779342723004713
2024-04-09,8.51,8.6,8.51,8.59,26631.0,228760.29,0.0,0.3504672897196137,1.057579318448882
2024-04-10,8.59,8.59,8.31,8.39,40789.0,342219.71,0.0,-2.328288707799764,3.3694344163658165
2024-04-11,8.36,8.49,8.29,8.44,29877.0,252161.87999999998,0.0,0.5959475566150063,2.4125452352231735
2024-04-12,8.41,8.47,8.23,8.26,42961.0,354857.86,0.0,-2.132701421800942,2.9161603888213876
2024-04-15,8.26,8.34,8.0,8.18,50406.0,412321.07999999996,0.0,-0.9685230024213065,4.249999999999998
2024-04-16,8.13,8.2,7.91,7.99,53215.0,425187.85000000003,0.0,-2.3227383863080653,3.6662452591656023
2024-04-17,7.99,8.21,7.97,8.21,37077.0,304402.17000000004,0.0,2.7534418022528317,3.011292346298634
2024-04-18,8.19,8.24,8.1,8.18,34135.0,279224.3,0.0,-0.3654080389768666,1.7283950617284023
2024-04-19,8.12,8.23,8.09,8.13,31517.0,256233.21000000002,0.0,-0.6112469437652646,1.7305315203955574
2024-04-22,8.13,8.18,8.01,8.11,28026.0,227290.86,0.0,-0.24600246002461912,2.1223470661672903
2024-04-23,8.1,8.17,8.08,8.14,22041.0,179413.74000000002,0.0,0.36991368680643344,1.1138613861386122
2024-04-24,8.09,8.19,8.02,8.19,29087.0,238222.53,0.0,0.6142506142505999,2.119700748129675
2024-04-25,8.14,8.27,8.14,8.23,34276.0,282091.48000000004,0.0,0.48840048840050887,1.5970515970515846
2024-04-26,8.23,8.45,8.18,8.45,47828.0,404146.6,0.0,2.673147023086253,3.3007334963325135
2024-04-29,8.4,8.85,8.39,8.85,118560.0,1049256.0,0.0,4.7337278106508895,5.482717520858153
2024-04-30,8.8,8.81,8.61,8.66,72510.0,627936.6,0.0,-2.1468926553672274,2.322880371660872
2024-05-06,8.86,8.87,8.72,8.74,75005.0,655543.7000000001,0.0,0.9237875288683695,1.7201834862385155
2024-05-07,8.7,8.81,8.66,8.78,49937.0,438446.86,0.0,0.4576659038901587,1.7321016166281795
2024-05-08,8.74,8.77,8.61,8.65,50449.0,436383.85000000003,0.0,-1.480637813211838,1.8583042973286894
2024-05-09,8.59,8.84,8.59,8.79,66782.0,587013.7799999999,0.0,1.6184971098265777,2.910360884749709
2024-05-10,8.81,9.02,8.69,8.97,100267.0,899394.9900000001,0.0,2.0477815699658786,3.7974683544303804
2024-05-13,8.92,9.0,8.74,8.89,66270.0,589140.3,0.0,-0.8918617614269819,2.9748283752860387
2024-05-14,8.89,9.01,8.82,8.88,91915.0,816205.2000000001,0.0,-0.11248593925758943,2.1541950113378627
2024-05-15,8.83,9.04,8.82,8.92,69222.0,617460.24,0.0,0.45045045045044585,2.4943310657596243
2024-05-16,8.93,9.27,8.89,9.14,137184.0,1253861.76,0.0,2.4663677130045025,4.274465691788515
2024-05-17,9.12,9.59,9.06,9.58,206128.0,1974706.24,0.0,4.814004376367609,5.849889624724054
2024-05-20,9.49,9.49,9.16,9.31,132809.0,1236451.79,0.0,-2.8183716075156573,3.6026200873362453
2024-05-21,9.29,9.41,9.22,9.3,72648.0,675626.4,0.0,-0.10741138560687036,2.060737527114962
2024-05-22,9.34,9.54,9.24,9.37,127913.0,1198544.8099999998,0.0,0.7526881720429923,3.246753246753235
2024-05-23,9.24,9.3,9.05,9.08,83068.0,754257.4400000001,0.0,-3.094983991462108,2.7624309392265194
2024-05-24,9.03,9.09,8.87,8.9,59202.0,526897.8,0.0,-1.9823788546255439,2.4802705749718226
2024-05-27,8.85,9.0,8.73,8.98,61382.0,551210.36,0.0,0.8988764044943753,3.092783505154634
2024-05-28,9.13,9.36,8.73,8.74,90204.0,788382.96,0.0,-2.6726057906458767,7.216494845360813
2024-05-29,8.7,8.9,8.69,8.76,46191.0,404633.16,0.0,0.22883295194506825,2.416570771001161
2024-05-30,8.7,8.73,8.6,8.66,39267.0,340052.22000000003,0.0,-1.1415525114155223,1.5116279069767533
2024-05-31,8.69,8.73,8.6,8.69,32304.0,280721.76,0.0,0.34642032332563577,1.5116279069767533
2024-06-03,8.64,8.75,8.39,8.46,50595.0,428033.70000000007,0.0,-2.6467203682393414,4.290822407628122
2024-06-04,8.43,8.64,8.4,8.57,43439.0,372272.23000000004,0.0,1.3002364066193817,2.8571428571428594
2024-06-05,8.55,8.55,8.26,8.44,53684.0,453092.95999999996,0.0,-1.516919486581103,3.5108958837772506
2024-06-06,8.43,8.45,8.21,8.3,67552.0,560681.6000000001,0.0,-1.6587677725118377,2.9232643118148407
2024-06-07,8.29,8.42,8.27,8.4,53440.0,448896.0,0.0,1.2048192771084265,1.813784764207985
2024-06-11,8.35,8.42,8.28,8.32,32019.0,266398.08,0.0,-0.952380952380949,1.6908212560386544
2024-06-12,8.29,8.4,8.25,8.38,28541.0,239173.58000000002,0.0,0.7211538461538547,1.8181818181818226
2024-06-13,8.36,8.44,8.29,8.35,34188.0,285469.8,0.0,-0.35799522673032325,1.809408926417375
2024-06-14,8.3,8.48,8.3,8.41,65611.0,551788.51,0.0,0.7185628742514938,2.168674698795177
2024-06-17,8.37,8.58,8.24,8.34,37090.0,309330.6,0.0,-0.832342449464929,4.126213592233007
2024-06-18,8.32,8.46,8.31,8.45,32591.0,275393.94999999995,0.0,1.318944844124692,1.8050541516245528
2024-06-19,8.51,8.57,8.43,8.46,34378.0,290837.88,0.0,0.11834319526629056,1.660735468564657
2024-06-20,8.5,8.5,8.17,8.24,45319.0,373428.56,0.0,-2.6004728132387744,4.039167686658508
2024-06-21,8.24,8.34,8.18,8.23,24416.0,200943.68000000002,0.0,-0.12135922330096527,1.9559902200489014
2024-06-24,8.19,8.21,7.99,8.04,48492.0,389875.67999999993,0.0,-2.3086269744836074,2.753441802252824
2024-06-25,7.97,8.16,7.97,8.07,29586.0,238759.02000000002,0.0,0.3731343283582156,2.383939774153079
2024-06-26,8.05,8.23,7.98,8.23,23508.0,193470.84,0.0,1.9826517967781898,3.132832080200501
2024-06-27,8.2,8.27,8.05,8.09,24478.0,198027.02,0.0,-1.7010935601458166,2.7329192546583707
2024-06-28,8.06,8.21,8.04,8.1,32740.0,265194.0,0.0,0.12360939431397266,2.114427860696539
2024-07-01,8.1,8.34,8.05,8.32,35985.0,299395.2,0.0,2.716049382716057,3.602484472049679
2024-07-02,8.29,8.46,8.28,8.39,45304.0,380100.56,0.0,0.8413461538461675,2.1739130434782794
2024-07-03,8.39,8.5,8.35,8.42,34121.0,287298.82,0.0,0.35756853396899935,1.796407185628747
2024-07-04,8.4,8.41,8.17,8.23,35803.0,294658.69,0.0,-2.25653206650831,2.9375764993880074
2024-07-05,8.23,8.31,8.12,8.29,23214.0,192444.05999999997,0.0,0.7290400972053357,2.339901477832528
2024-07-08,8.28,8.28,8.11,8.18,30359.0,248336.62,0.0,-1.3268998793727338,2.0961775585696665
2024-07-09,8.14,8.34,7.98,8.29,48857.0,405024.52999999997,0.0,1.344743276283622,4.511278195488715
2024-07-10,8.2,8.2,8.0,8.1,35500.0,287550.0,0.0,-2.2919179734619988,2.499999999999991
2024-07-11,8.26,8.3,8.16,8.29,38080.0,315683.19999999995,0.0,2.3456790123456805,1.715686274509811
2024-07-12,8.3,8.5,8.28,8.38,36752.0,307981.76,0.0,1.0856453558504509,2.657004830917882
2024-07-15,8.37,8.42,8.17,8.28,26500.0,219419.99999999997,0.0,-1.1933174224343812,3.0599755201958385
2024-07-16,8.28,8.4,8.21,8.32,23461.0,195195.52000000002,0.0,0.48309178743961567,2.314250913520091
2024-07-17,8.34,8.52,8.33,8.47,46440.0,393346.80000000005,0.0,1.8028846153846256,2.2809123649459724
2024-07-18,8.42,8.53,8.33,8.53,37534.0,320165.01999999996,0.0,0.7083825265643329,2.400960384153653
2024-07-19,8.48,8.49,8.29,8.38,39777.0,333331.26,0.0,-1.7584994138335142,2.4125452352231735
2024-07-22,8.37,8.4,8.25,8.33,20617.0,171739.61000000002,0.0,-0.5966587112171906,1.8181818181818226
2024-07-23,8.31,8.43,8.28,8.31,25597.0,212711.07,0.0,-0.24009603841536054,1.8115942028985552
2024-07-24,8.23,8.33,8.19,8.29,27819.0,230619.50999999998,0.0,-0.2406738868832914,1.7094017094017164
2024-07-25,8.29,8.4,8.22,8.4,24183.0,203137.2,0.0,1.326899879372756,2.1897810218978067
2024-07-26,8.38,8.46,8.33,8.43,32571.0,274573.52999999997,0.0,0.3571428571428559,1.5606242496998892
2024-07-29,8.48,8.48,8.34,8.4,31352.0,263356.8,0.0,-0.3558718861209842,1.6786570743405345
2024-07-30,8.37,8.6,8.36,8.56,46380.0,397012.80000000005,0.0,1.904761904761898,2.8708133971291896
2024-07-31,8.6,8.85,8.56,8.85,59228.0,524167.8,0.0,3.3878504672897103,3.3878504672897094
2024-08-01,8.85,8.95,8.67,8.74,45400.0,396796.0,0.0,-1.2429378531073398,3.2295271049596237
2024-08-02,8.7,8.8,8.66,8.74,31817.0,278080.58,0.0,0.0,1.6166281755196372
2024-08-05,8.7,8.78,8.56,8.63,47678.0,411461.14,0.0,-1.258581235697931,2.5700934579439116
2024-08-06,8.7,8.74,8.57,8.73,32205.0,281149.65,0.0,1.1587485515643037,1.9836639439906643
2024-08-07,8.66,8.69,8.59,8.65,21449.0,185533.85,0.0,-0.9163802978235935,1.1641443538998795
2024-08-08,8.65,8.78,8.6,8.73,34228.0,298810.44,0.0,0.9248554913294793,2.0930232558139505
2024-08-09,8.75,8.86,8.67,8.68,37129.0,322279.72,0.0,-0.5727376861397571,2.191464821222601
2024-08-12,8.67,8.71,8.56,8.6,28101.0,241668.59999999998,0.0,-0.9216589861751112,1.7523364485981348
2024-08-13,8.6,8.69,8.54,8.69,21615.0,187834.34999999998,0.0,1.0465116279069653,1.7564402810304494
2024-08-14,8.63,8.73,8.61,8.67,22841.0,198031.47,0.0,-0.23014959723820505,1.3937282229965273
2024-08-15,8.64,8.76,8.55,8.75,30258.0,264757.5,0.0,0.9227220299884653,2.456140350877182
2024-08-16,8.74,8.76,8.65,8.69,19129.0,166231.00999999998,0.0,-0.6857142857142895,1.271676300578028
2024-08-19,8.62,8.71,8.58,8.67,15355.0,133127.85,0.0,-0.23014959723820505,1.5151515151515242
2024-08-20,8.68,8.68,8.5,8.57,21144.0,181204.08000000002,0.0,-1.1534025374855816,2.1176470588235263
2024-08-21,8.54,8.57,8.41,8.47,30035.0,254396.45,0.0,-1.1668611435239118,1.9024970273483963
2024-08-22,8.48,8.55,8.42,8.46,23072.0,195189.12000000002,0.0,-0.11806375442738881,1.5439429928741186
2024-08-23,8.48,8.49,8.32,8.39,25941.0,217644.99000000002,0.0,-0.8274231678487065,2.04326923076923
2024-08-26,8.42,8.55,8.34,8.51,34781.0,295986.31,0.0,1.4302741358760418,2.517985611510802
2024-08-27,8.48,8.49,8.34,8.39,20139.0,168966.21000000002,0.0,-1.4101057579318343,1.798561151079141
2024-08-28,8.38,8.48,8.31,8.39,19796.0,166088.44,0.0,0.0,2.045728038507821
2024-08-29,8.37,8.42,8.31,8.4,22401.0,188168.4,0.0,0.11918951132299238,1.3237063778579954
2024-08-30,8.4,8.69,8.36,8.6,49035.0,421701.0,0.0,2.3809523809523725,3.9473684210526327
2024-09-02,8.55,8.55,8.39,8.43,33144.0,279403.92,0.0,-1.9767441860465085,1.9070321811680588
2024-09-03,8.47,8.53,8.36,8.49,27447.0,233025.03,0.0,0.7117437722419906,2.0334928229665064
2024-09-04,8.48,8.54,8.35,8.38,29269.0,245274.22000000003,0.0,-1.2956419316843326,2.2754491017964016
2024-09-05,8.44,8.5,8.38,8.45,28019.0,236760.55,0.0,0.8353221957040358,1.4319809069212315
2024-09-06,8.47,8.49,8.35,8.36,29569.0,247196.84,0.0,-1.0650887573964485,1.6766467065868331
2024-09-09,8.33,8.42,8.25,8.37,22843.0,191195.90999999997,0.0,0.11961722488038617,2.0606060606060597
2024-09-10,8.36,8.42,8.14,8.26,27539.0,227472.13999999998,0.0,-1.314217443249699,3.4398034398034314
2024-09-11,8.26,8.26,8.07,8.15,31284.0,254964.6,0.0,-1.3317191283292895,2.354399008674095
2024-09-12,8.14,8.26,8.14,8.24,27614.0,227539.36000000002,0.0,1.104294478527601,1.4742014742014646
2024-09-13,8.26,8.34,8.24,8.31,28221.0,234516.51,0.0,0.8495145631068013,1.2135922330097044
2024-09-18,8.3,8.42,8.19,8.37,25227.0,211149.99,0.0,0.7220216606498076,2.8083028083028134
2024-09-19,8.4,8.6,8.39,8.52,38212.0,325566.24,0.0,1.7921146953405076,2.502979737783064
2024-09-20,8.53,8.61,8.46,8.61,43875.0,377763.75,0.0,1.0563380281690016,1.7730496453900542
2024-09-23,8.55,8.64,8.51,8.64,29891.0,258258.24000000002,0.0,0.34843205574914826,1.527614571092841
2024-09-24,8.71,8.84,8.63,8.83,54746.0,483407.18,0.0,2.19907407407407,2.433371958285041
2024-09-25,8.91,9.34,8.88,8.96,68322.0,612165.1200000001,0.0,1.4722536806342168,5.1801801801801695
2024-09-26,8.9,9.7,8.9,9.54,145334.0,1386486.3599999999,0.0,6.473214285714257,8.988764044943807
2024-09-27,9.67,9.85,9.5,9.73,120789.0,1175276.97,0.0,1.9916142557652172,3.684210526315786
2024-09-30,10.39,10.73,10.04,10.67,189075.0,2017430.25,0.0,9.660842754367938,6.872509960159376
2024-10-08,11.76,11.77,10.67,11.22,195130.0,2189358.6,0.0,5.154639175257736,10.309278350515461
2024-10-09,11.45,11.5,10.71,10.76,163392.0,1758097.92,0.0,-4.099821746880583,7.376283846872074
2024-10-10,10.95,10.96,10.45,10.7,121251.0,1297385.7,0.0,-0.5576208178438735,4.8803827751196325
2024-10-11,10.63,10.79,10.37,10.52,78945.0,830501.4,0.0,-1.6822429906542036,4.050144648023143
2024-10-14,10.71,10.84,10.49,10.72,71102.0,762213.4400000001,0.0,1.9011406844106515,3.3365109628217313
2024-10-15,10.67,10.68,10.43,10.45,58597.0,612338.6499999999,0.0,-2.518656716417922,2.3969319271332696
2024-10-16,10.42,10.83,10.35,10.75,72361.0,777880.75,0.0,2.8708133971292016,4.6376811594202945
2024-10-17,10.8,10.8,10.38,10.46,71123.0,743946.5800000001,0.0,-2.6976744186046453,4.046242774566473
2024-10-18,10.42,10.72,10.23,10.62,97820.0,1038848.3999999999,0.0,1.5296367112810572,4.789833822091889
2024-10-21,10.65,10.69,10.43,10.49,62850.0,659296.5,0.0,-1.2241054613935876,2.4928092042185983
2024-10-22,10.48,10.55,10.39,10.49,48564.0,509436.36,0.0,0.0,1.539942252165545
2024-10-23,10.95,10.95,10.65,10.7,118242.0,1265189.4,0.0,2.0019065776930356,2.8169014084506943
2024-10-24,10.6,10.76,10.58,10.7,55013.0,588639.1,0.0,0.0,1.7013232514177665
2024-10-25,10.74,10.91,10.7,10.81,69912.0,755748.7200000001,0.0,1.0280373831775824,1.9626168224299148
2024-10-28,10.84,11.08,10.76,11.02,79445.0,875483.9,0.0,1.94264569842737,2.9739776951672887
2024-10-29,11.02,11.05,10.72,10.77,70374.0,757927.98,0.0,-2.268602540834841,3.0783582089552244
2024-10-30,10.78,11.07,10.73,10.89,73049.0,795503.61,0.0,1.1142061281337101,3.168685927306616
2024-10-31,11.01,11.27,10.8,11.1,104394.0,1158773.4,0.0,1.928374655647369,4.3518518518518405
2024-11-01,11.11,11.26,10.88,11.1,95816.0,1063557.5999999999,0.0,0.0,3.4926470588235197
2024-11-04,11.09,11.27,10.98,11.27,75023.0,845509.21,0.0,1.531531531531538,2.6411657559198463
2024-11-05,11.24,11.57,11.24,11.53,90899.0,1048065.47,0.0,2.3070097604259043,2.935943060498221
2024-11-06,11.54,11.7,11.27,11.59,95380.0,1105454.2,0.0,0.5203816131829964,3.8154392191659245
2024-11-07,11.54,11.92,11.45,11.91,104192.0,1240926.72,0.0,2.761000862812768,4.104803493449787
2024-11-08,12.05,12.07,11.5,11.65,102771.0,1197282.1500000001,0.0,-2.183039462636438,4.956521739130437
2024-11-11,11.57,11.71,11.39,11.49,70370.0,808551.3,0.0,-1.373390557939913,2.8094820017559288
2024-11-12,11.45,11.53,11.3,11.42,83721.0,956093.82,0.0,-0.6092254134029584,2.035398230088483
2024-11-13,11.4,11.76,11.4,11.51,77247.0,889112.97,0.0,0.7880910683012221,3.1578947368421004
2024-11-14,11.78,11.78,11.25,11.31,76506.0,865282.86,0.0,-1.737619461337958,4.711111111111106
2024-11-15,11.23,11.41,11.07,11.14,64350.0,716859.0,0.0,-1.5030946065428763,3.0713640469738017
2024-11-18,11.15,11.45,11.15,11.23,64116.0,720022.68,0.0,0.8078994614003632,2.690582959641246
2024-11-19,11.23,11.44,11.11,11.38,58455.0,665217.9,0.0,1.335707925200369,2.970297029702971
2024-11-20,11.39,11.57,11.19,11.47,61820.0,709075.4,0.0,0.7908611599297011,3.3958891867739123
2024-11-21,11.43,11.51,11.32,11.5,46166.0,530909.0,0.0,0.2615518744550904,1.6784452296819745
2024-11-22,11.43,11.55,11.15,11.21,54982.0,616348.2200000001,0.0,-2.5217391304347747,3.587443946188344
2024-11-25,11.15,11.38,11.11,11.28,58918.0,664595.0399999999,0.0,0.6244424620874156,2.4302430243024427
2024-11-26,11.26,11.34,11.2,11.29,34653.0,391232.37,0.0,0.08865248226950229,1.250000000000005
2024-11-27,11.24,11.36,11.05,11.33,60511.0,685589.63,0.0,0.3542958370239324,2.805429864253382
2024-11-28,11.32,11.45,11.28,11.38,51417.0,585125.4600000001,0.0,0.44130626654899086,1.5070921985815597
2024-11-29,11.35,11.52,11.31,11.46,70396.0,806738.16,0.0,0.7029876977152849,1.8567639257294346
2024-12-02,11.47,11.86,11.41,11.75,87528.0,1028454.0,0.0,2.530541012216392,3.9439088518843057
2024-12-03,11.75,11.9,11.67,11.87,67868.0,805593.1599999999,0.0,1.021276595744669,1.9708654670094294
2024-12-04,11.84,11.95,11.78,11.81,59403.0,701549.43,0.0,-0.5054759898904693,1.4431239388794561
2024-12-05,11.79,12.04,11.73,12.02,58200.0,699564.0,0.0,1.7781541066892448,2.6427962489343453
2024-12-06,12.07,12.24,12.0,12.09,91053.0,1100830.77,0.0,0.5823627287853572,2.0000000000000018
2024-12-09,12.09,12.2,11.9,11.97,67161.0,803917.17,0.0,-0.992555831265507,2.5210084033613356
2024-12-10,12.51,12.52,11.92,12.0,93547.0,1122564.0,0.0,0.25062656641603454,5.033557046979863
2024-12-11,11.95,12.28,11.94,12.12,57820.0,700778.3999999999,0.0,1.0000000000000009,2.847571189279731
2024-12-12,12.09,12.22,11.97,12.17,58680.0,714135.6,0.0,0.4125412541254203,2.0885547201336676
2024-12-13,12.1,12.13,11.74,11.77,56205.0,661532.85,0.0,-3.286770747740353,3.3219761499148257
2024-12-16,11.84,11.9,11.67,11.79,56830.0,670025.7,0.0,0.1699235344095218,1.9708654670094294
2024-12-17,11.75,11.84,11.61,11.72,58011.0,679888.92,0.0,-0.5937234944868419,1.9810508182601243
2024-12-18,11.66,11.78,11.66,11.71,32148.0,376453.08,0.0,-0.08532423208190698,1.0291595197255508
2024-12-19,11.87,11.87,11.35,11.63,60715.0,706115.4500000001,0.0,-0.6831767719897575,4.581497797356825
2024-12-20,11.62,11.7,11.52,11.6,35236.0,408737.6,0.0,-0.257953568357705,1.5624999999999976
2024-12-23,11.57,11.67,11.4,11.47,50905.0,583880.35,0.0,-1.1206896551724022,2.368421052631575
2024-12-24,11.5,11.8,11.46,11.8,64583.0,762079.4,0.0,2.8770706190061057,2.966841186736473
2024-12-25,11.84,11.9,11.61,11.81,64610.0,763044.1,0.0,0.08474576271186862,2.4978466838932034
2024-12-26,11.71,11.83,11.55,11.61,42503.0,493459.82999999996,0.0,-1.693480101608813,2.4242424242424185
2024-12-27,11.63,11.83,11.57,11.77,55191.0,649598.07,0.0,1.3781223083548788,2.2471910112359534
2024-12-30,11.79,11.81,11.58,11.62,32194.0,374094.27999999997,0.0,-1.274426508071369,1.9861830742659796
2024-12-31,11.58,11.7,11.5,11.56,50235.0,580716.6,0.0,-0.5163511187607495,1.7391304347826024
2025-01-02,11.5,11.63,10.97,11.15,61033.0,680517.9500000001,0.0,-3.5467128027681705,6.016408386508661
2025-01-03,11.12,11.3,10.96,11.06,49483.0,547281.98,0.0,-0.8071748878923701,3.102189781021896
2025-01-06,10.97,11.14,10.86,11.01,49873.0,549101.73,0.0,-0.452079566003627,2.578268876611429
2025-01-07,11.03,11.07,10.77,10.94,46123.0,504585.62,0.0,-0.6357856494096259,2.7855153203342686
2025-01-08,10.9,10.98,10.63,10.92,53813.0,587637.96,0.0,-0.1828153564899404,3.292568203198491
2025-01-09,10.85,10.9,10.77,10.81,27069.0,292615.89,0.0,-1.0073260073260037,1.2070566388115207
2025-01-10,10.81,10.9,10.67,10.73,30507.0,327340.11,0.0,-0.7400555041628176,2.1555763823805103
2025-01-13,10.72,10.79,10.61,10.69,31313.0,334735.97,0.0,-0.37278657968313755,1.6965127238454263
2025-01-14,10.69,10.9,10.64,10.87,48851.0,531010.37,0.0,1.6838166510757757,2.4436090225563887
2025-01-15,10.81,11.06,10.75,10.96,47733.0,523153.68000000005,0.0,0.8279668813247598,2.883720930232563
2025-01-16,10.97,11.17,10.9,11.02,61729.0,680253.58,0.0,0.5474452554744325,2.477064220183482
2025-01-17,10.95,11.05,10.84,11.0,35043.0,385473.0,0.0,-0.1814882032667886,1.9372693726937347
2025-01-20,11.01,11.06,10.88,11.03,31007.0,342007.20999999996,0.0,0.27272727272726893,1.6544117647058796
2025-01-21,11.08,11.22,11.01,11.09,36034.0,399617.06,0.0,0.5439709882139709,1.9073569482288906
2025-01-22,11.07,11.09,10.82,10.96,31636.0,346730.56000000006,0.0,-1.172227231740297,2.4953789279112715
2025-01-23,11.06,11.18,10.99,11.05,37837.0,418098.85000000003,0.0,0.8211678832116709,1.7288444040036353
2025-01-24,10.95,11.12,10.95,11.1,44019.0,488610.89999999997,0.0,0.4524886877828038,1.5525114155251136
2025-01-27,11.14,11.34,11.07,11.29,40549.0,457798.20999999996,0.0,1.7117117117117164,2.4390243902438984
2025-02-05,11.31,11.44,10.89,10.98,63336.0,695429.28,0.0,-2.7457927369353263,5.05050505050504
2025-02-06,10.95,11.05,10.71,11.03,41791.0,460954.73,0.0,0.4553734061930603,3.174603174603173
2025-02-07,10.98,11.17,10.95,11.12,45940.0,510852.8,0.0,0.8159564823209342,2.00913242009133
2025-02-10,11.13,11.32,11.03,11.27,54315.0,612130.0499999999,0.0,1.3489208633093552,2.6291931097008248
2025-02-11,11.27,11.34,11.1,11.22,37363.0,419212.86000000004,0.0,-0.44365572315882007,2.162162162162164
2025-02-12,11.15,11.42,11.15,11.35,29814.0,338388.89999999997,0.0,1.158645276292325,2.421524663677126
2025-02-13,11.38,11.47,11.28,11.42,42398.0,484185.16,0.0,0.6167400881057272,1.6843971631205787
2025-02-14,11.45,11.46,11.31,11.43,35415.0,404793.45,0.0,0.08756567425569628,1.326259946949605
2025-02-17,11.47,11.49,11.29,11.41,35815.0,408649.15,0.0,-0.17497812773402677,1.7714791851195844
2025-02-18,11.45,11.46,11.28,11.35,34111.0,387159.85,0.0,-0.5258545135845782,1.5957446808510771
2025-02-19,11.35,11.37,11.14,11.32,61206.0,692851.92,0.0,-0.2643171806167355,2.0646319569120166
2025-02-20,11.32,11.33,11.14,11.27,49620.0,559217.4,0.0,-0.4416961130742081,1.7055655296229755
2025-02-21,11.25,11.36,11.16,11.33,30114.0,341191.62,0.0,0.5323868677906018,1.7921146953404954
2025-02-24,11.28,11.5,11.28,11.44,41361.0,473169.83999999997,0.0,0.9708737864077666,1.950354609929084
2025-02-25,11.44,11.44,11.3,11.33,30459.0,345100.47000000003,0.0,-0.9615384615384581,1.2389380530973344
2025-02-26,11.33,11.45,11.32,11.45,27941.0,319924.44999999995,0.0,1.0591350397175514,1.148409893992924
2025-02-27,11.48,11.56,11.42,11.51,35432.0,407822.32,0.0,0.5240174672489051,1.2259194395796897
2025-02-28,11.44,11.55,11.37,11.43,37421.0,427722.02999999997,0.0,-0.6950477845351855,1.5831134564643932
2025-03-03,11.42,11.54,11.36,11.45,41355.0,473514.74999999994,0.0,0.17497812773403787,1.5845070422535186
2025-03-04,11.4,11.45,11.33,11.37,28382.0,322703.33999999997,0.0,-0.6986899563318771,1.0591350397175572
2025-03-05,11.42,11.42,11.14,11.38,44854.0,510438.52,0.0,0.08795074758136678,2.5134649910233335
2025-03-06,11.38,11.4,11.29,11.32,43973.0,497774.36,0.0,-0.5272407732864748,0.9743135518157771
2025-03-07,11.28,11.32,11.19,11.29,39285.0,443527.64999999997,0.0,-0.26501766784453595,1.1617515638963432
2025-03-10,11.3,11.38,11.21,11.37,39450.0,448546.49999999994,0.0,0.7085916740478204,1.5165031222123098
2025-03-11,11.27,11.56,11.27,11.55,42454.0,490343.7,0.0,1.5831134564644023,2.573203194321215
2025-03-12,11.5,11.8,11.46,11.75,80969.0,951385.75,0.0,1.7316017316017174,2.966841186736473
2025-03-13,11.85,11.93,11.71,11.79,103372.0,1218755.88,0.0,0.34042553191488967,1.8787361229718091
2025-03-14,11.79,11.9,11.47,11.65,118915.0,1385359.75,0.0,-1.187446988973695,3.748910200523101
2025-03-17,11.72,12.54,11.66,12.45,176363.0,2195719.35,0.0,6.866952789699554,7.547169811320746
2025-03-18,12.43,12.43,11.96,12.06,93542.0,1128116.52,0.0,-3.1325301204819134,3.929765886287616
2025-03-19,12.02,12.02,11.81,11.93,38647.0,461058.70999999996,0.0,-1.0779436152570598,1.7781541066892386
2025-03-20,11.83,11.95,11.81,11.88,37758.0,448565.04000000004,0.0,-0.4191114836546439,1.185436071126154
2025-03-21,11.85,11.98,11.82,11.93,41264.0,492279.51999999996,0.0,0.42087542087541063,1.3536379018612532
2025-03-24,11.86,11.95,11.54,11.67,55043.0,642351.8099999999,0.0,-2.1793797150041927,3.5528596187175054
2025-03-25,11.64,11.74,11.43,11.56,41009.0,474064.04000000004,0.0,-0.9425878320479808,2.7121609798775195
2025-03-26,11.55,11.69,11.51,11.66,22615.0,263690.9,0.0,0.865051903114189,1.563857515204168
2025-03-27,11.69,11.69,11.55,11.65,26067.0,303680.55,0.0,-0.08576329331045907,1.2121212121212015
2025-03-28,11.6,11.67,11.45,11.55,35574.0,410879.7,0.0,-0.8583690987124415,1.9213973799126693
2025-03-31,11.58,11.58,11.25,11.37,52846.0,600859.0199999999,0.0,-1.55844155844157,2.933333333333334
2025-04-01,11.37,11.66,11.35,11.49,59461.0,683206.89,0.0,1.0554089709762682,2.731277533039652
2025-04-02,11.43,11.82,11.35,11.67,57071.0,666018.57,0.0,1.5665796344647598,4.1409691629956
2025-04-03,11.54,11.77,11.54,11.66,46414.0,541187.24,0.0,-0.08568980291344674,1.9930675909878723
2025-04-07,11.34,11.34,10.46,10.46,91337.0,955385.0200000001,0.0,-10.291595197255566,8.413001912045878
2025-04-08,10.55,11.15,10.54,11.05,105556.0,1166393.8,0.0,5.640535372848943,5.787476280834927
2025-04-09,10.94,11.32,10.67,11.2,63519.0,711412.7999999999,0.0,1.3574660633484115,6.091846298031869
2025-04-10,11.33,11.39,11.2,11.3,39496.0,446304.80000000005,0.0,0.8928571428571619,1.6964285714285832
2025-04-11,11.34,11.58,11.16,11.5,46778.0,537947.0,0.0,1.7699115044247815,3.763440860215053
2025-04-14,11.38,11.46,11.24,11.32,45096.0,510486.72000000003,0.0,-1.565217391304341,1.957295373665486
2025-04-15,11.32,11.32,11.18,11.3,25429.0,287347.7,0.0,-0.17667844522968323,1.2522361359570713
2025-04-16,11.29,11.4,11.21,11.39,30063.0,342417.57,0.0,0.7964601769911539,1.6949152542372836
2025-04-17,11.38,11.62,11.27,11.45,52590.0,602155.5,0.0,0.5267778753292207,3.105590062111798
2025-04-18,11.45,11.87,11.4,11.8,66031.0,779165.8,0.0,3.0567685589519833,4.12280701754385
2025-04-21,11.8,11.9,11.66,11.83,46980.0,555773.4,0.0,0.25423728813558366,2.0583190394511166
2025-04-22,12.17,13.05,11.95,12.59,392332.0,4939459.88,0.0,6.4243448858833485,9.205020920502104
2025-04-23,12.21,12.25,11.46,11.53,289381.0,3336562.9299999997,0.0,-8.41938046068309,6.893542757417095
2025-04-24,11.44,11.63,11.21,11.5,143173.0,1646489.5,0.0,-0.2601908065914982,3.7466547725245305
2025-04-25,11.45,11.96,11.38,11.61,172963.0,2008100.43,0.0,0.9565217391304337,5.0966608084358525
2025-04-28,11.49,11.55,10.99,11.07,107711.0,1192360.77,0.0,-4.651162790697672,5.0955414012738895
2025-04-29,11.07,11.15,10.94,11.02,48595.0,535516.9,0.0,-0.4516711833785103,1.9195612431444318
2025-04-30,10.97,11.06,10.85,10.89,57709.0,628451.01,0.0,-1.1796733212341093,1.93548387096775
2025-05-06,10.9,10.93,10.84,10.93,60865.0,665254.45,0.0,0.36730945821854544,0.8302583025830245
2025-05-07,11.05,11.21,10.93,11.01,60413.0,665147.13,0.0,0.7319304666056681,2.561756633119864
2025-05-08,10.98,11.01,10.88,10.97,43649.0,478829.53,0.0,-0.3633060853769243,1.1948529411764612
2025-05-09,10.95,10.99,10.73,10.78,78309.0,844171.0199999999,0.0,-1.7319963536919003,2.423112767940352
2025-05-12,10.83,10.91,10.78,10.87,54240.0,589588.7999999999,0.0,0.8348794063079756,1.2059369202226418
2025-05-13,10.92,10.97,10.75,10.84,78734.0,853476.5599999999,0.0,-0.2759889604415755,2.046511627906983
2025-05-14,10.82,10.95,10.75,10.95,56086.0,614141.7,0.0,1.0147601476014678,1.860465116279063
2025-05-15,10.95,10.95,10.83,10.84,28946.0,313774.64,0.0,-1.0045662100456543,1.1080332409972227
2025-05-16,10.85,10.87,10.72,10.84,43837.0,475193.08,0.0,0.0,1.3992537313432702
2025-05-19,10.8,10.89,10.77,10.88,35558.0,386871.04000000004,0.0,0.3690036900369176,1.114206128133714
2025-05-20,10.85,10.87,10.79,10.85,27583.0,299275.55,0.0,-0.27573529411766273,0.7414272474513446
2025-05-21,10.87,10.87,10.79,10.82,20650.0,223433.0,0.0,-0.2764976958525289,0.7414272474513446
2025-05-22,10.8,10.82,10.72,10.76,26682.0,287098.32,0.0,-0.5545286506469571,0.932835820895519
2025-05-23,10.76,10.76,10.63,10.74,44141.0,474074.34,0.0,-0.18587360594795044,1.2229539040451458
2025-05-26,10.72,10.74,10.65,10.72,22363.0,239731.36000000002,0.0,-0.18621973929235924,0.8450704225352099
2025-05-27,10.73,10.82,10.69,10.79,28105.0,303252.94999999995,0.0,0.6529850746268551,1.2160898035547314
2025-05-28,10.79,10.81,10.68,10.73,20625.0,221306.25,0.0,-0.556070435588496,1.217228464419483
2025-05-29,10.7,10.79,10.7,10.78,22132.0,238582.96,0.0,0.4659832246038942,0.8411214953271016
2025-05-30,10.78,10.82,10.73,10.81,32615.0,352568.15,0.0,0.2782931354360141,0.8387698042870442
2025-06-03,10.79,10.84,10.74,10.8,31739.0,342781.2,0.0,-0.09250693802035359,0.9310986964618215
2025-06-04,10.78,10.81,10.72,10.8,31859.0,344077.2,0.0,0.0,0.8395522388059687
2025-06-05,10.8,10.81,10.74,10.79,22307.0,240692.52999999997,0.0,-0.09259259259261077,0.6517690875232801
2025-06-06,10.79,10.85,10.78,10.84,27342.0,296387.27999999997,0.0,0.4633920296571059,0.649350649350652
2025-06-09,10.84,10.86,10.78,10.85,26089.0,283065.64999999997,0.0,0.09225092250921829,0.7421150278293143
2025-06-10,10.87,10.94,10.75,10.84,39648.0,429784.32,0.0,-0.09216589861751334,1.7674418604651119
2025-06-11,10.83,10.9,10.78,10.87,36658.0,398472.45999999996,0.0,0.2767527675276771,1.1131725417439797
2025-06-12,10.94,10.95,10.79,10.85,33243.0,360686.55,0.0,-0.18399264029438367,1.4828544949026892
2025-06-13,10.84,10.88,10.59,10.66,48696.0,519099.36,0.0,-1.751152073732709,2.738432483474985
2025-06-16,10.69,10.75,10.64,10.74,29959.0,321759.66000000003,0.0,0.7504690431519689,1.03383458646616
2025-06-17,10.77,10.78,10.64,10.74,18144.0,194866.56,0.0,0.0,1.315789473684199
2025-06-18,10.75,10.76,10.64,10.74,20066.0,215508.84,0.0,0.0,1.1278195488721732
2025-06-19,10.72,10.73,10.61,10.7,21168.0,226497.59999999998,0.0,-0.3724394785847407,1.1310084825636286
2025-06-20,10.7,10.75,10.65,10.7,21493.0,229975.09999999998,0.0,0.0,0.9389671361502313
2025-06-23,10.69,10.9,10.61,10.83,29243.0,316701.69,0.0,1.214953271028052,2.7332704995287553
2025-06-24,10.76,10.85,10.76,10.84,34443.0,373362.12,0.0,0.09233610341643494,0.836431226765798
2025-06-25,10.85,10.93,10.8,10.92,35964.0,392726.88,0.0,0.7380073800737907,1.2037037037036944
2025-06-26,10.92,10.99,10.83,10.95,44079.0,482665.05,0.0,0.27472527472527375,1.4773776546629747
2025-06-27,10.95,11.06,10.85,10.91,67864.0,740396.24,0.0,-0.36529680365295913,1.93548387096775
2025-06-30,10.9,10.97,10.87,10.93,32627.0,356613.11,0.0,0.18331805682858526,0.9199632014719542
2025-07-01,10.9,10.92,10.8,10.87,32461.0,352851.06999999995,0.0,-0.5489478499542622,1.1111111111111038
2025-07-02,10.84,10.88,10.81,10.87,25285.0,274847.94999999995,0.0,0.0,0.6475485661424633
2025-07-03,10.87,10.9,10.82,10.86,21579.0,234347.93999999997,0.0,-0.09199632014719183,0.739371534195934
2025-07-04,10.9,10.96,10.87,10.92,37832.0,413125.44,0.0,0.5524861878453136,0.827966881324762
2025-07-07,10.88,10.95,10.86,10.95,32590.0,356860.5,0.0,0.27472527472527375,0.8287292817679546
2025-07-08,10.93,10.96,10.9,10.95,38666.0,423392.69999999995,0.0,0.0,0.5504587155963349
2025-07-09,10.95,11.01,10.93,11.0,39218.0,431398.0,0.0,0.4566210045662267,0.7319304666056731
2025-07-10,11.02,11.14,10.98,11.13,68897.0,766823.6100000001,0.0,1.181818181818195,1.4571948998178519
2025-07-11,11.35,11.84,11.27,11.54,186705.0,2154575.6999999997,0.0,3.6837376460017834,5.0576752440106505
2025-07-14,11.4,11.54,11.18,11.22,108784.0,1220556.48,0.0,-2.772963604852674,3.220035778175308
2025-07-15,11.21,11.22,11.07,11.17,40289.0,450028.13,0.0,-0.4456327985739805,1.3550135501355045
2025-07-16,11.17,11.28,11.12,11.25,41438.0,466177.5,0.0,0.71620411817368,1.4388489208633108
2025-07-17,11.24,11.34,11.18,11.3,41338.0,467119.4,0.0,0.4444444444444473,1.4311270125223625
2025-07-18,11.47,11.47,11.21,11.27,39705.0,447475.35,0.0,-0.26548672566372167,2.319357716324708
2025-07-21,11.26,11.36,11.23,11.33,52261.0,592117.13,0.0,0.5323868677906018,1.157613535173633
2025-07-22,11.34,11.35,11.23,11.33,40677.0,460870.41,0.0,0.0,1.068566340160278
2025-07-23,11.32,11.4,11.29,11.31,49962.0,565070.22,0.0,-0.1765225066195919,0.9743135518157771
2025-07-24,11.32,11.37,11.26,11.36,51776.0,588175.36,0.0,0.4420866489831976,0.9769094138543467
2025-07-25,11.39,11.41,11.31,11.34,49380.0,559969.2,0.0,-0.17605633802816323,0.8841732979663982
2025-07-28,11.34,11.35,11.23,11.35,34464.0,391166.39999999997,0.0,0.08818342151675207,1.068566340160278
2025-07-29,11.33,11.35,11.22,11.35,37888.0,430028.8,0.0,0.0,1.158645276292326
2025-07-30,11.34,11.38,11.26,11.31,44301.0,501044.31,0.0,-0.35242290748898064,1.0657193605683926
2025-07-31,11.3,11.3,11.1,11.15,47221.0,526514.15,0.0,-1.4146772767462457,1.8018018018018116
2025-08-01,11.12,11.25,11.11,11.19,32727.0,366215.13,0.0,0.35874439461882623,1.2601260126012652
2025-08-04,11.16,11.16,11.06,11.1,30850.0,342435.0,0.0,-0.8042895442359255,0.90415913200723
2025-08-05,11.12,11.3,11.08,11.26,39013.0,439286.38,0.0,1.441441441441449,1.9855595667870092
2025-08-06,11.27,11.29,11.15,11.18,30141.0,336976.38,0.0,-0.7104795737122527,1.2556053811659085
2025-08-07,11.18,11.2,11.1,11.16,27359.0,305326.44,0.0,-0.17889087656529634,0.9009009009008978
2025-08-08,11.16,11.22,11.13,11.21,23163.0,259657.23,0.0,0.44802867383513245,0.8086253369272224
2025-08-11,11.21,11.27,11.17,11.27,35330.0,398169.1,0.0,0.5352363960749118,0.8952551477170962
2025-08-12,11.27,11.27,11.21,11.26,24352.0,274203.52,0.0,-0.08873114463175957,0.5352363960749216
2025-08-13,11.27,11.27,11.17,11.23,36712.0,412275.76,0.0,-0.2664298401420906,0.8952551477170962
2025-08-14,11.22,11.26,11.09,11.14,36597.0,407690.58,0.0,-0.8014247551202169,1.5329125338142464
2025-08-15,11.11,11.22,11.11,11.22,35922.0,403044.84,0.0,0.7181328545780907,0.9900990099010011
2025-08-18,11.26,11.26,11.15,11.22,39608.0,444401.76,0.0,0.0,0.9865470852017886
2025-08-19,11.2,11.26,11.17,11.26,37282.0,419795.32,0.0,0.35650623885916666,0.8057296329453881
2025-08-20,11.23,11.26,11.14,11.26,34911.0,393097.86,0.0,0.0,1.0771992818671383
2025-08-21,11.26,11.38,11.22,11.37,54849.0,623633.13,0.0,0.9769094138543544,1.4260249554367213
2025-08-22,11.37,11.46,11.27,11.46,50955.0,583944.3,0.0,0.7915567282322122,1.6858917480035607
2025-08-25,11.46,11.78,11.39,11.65,126035.0,1468307.75,0.0,1.6579406631762605,3.4240561896400243
2025-08-26,11.61,11.61,11.46,11.54,73346.0,846412.84,0.0,-0.9442060085837034,1.308900523560197
2025-08-27,11.55,11.57,11.44,11.48,72388.0,831014.24,0.0,-0.5199306759098632,1.1363636363636431
2025-08-28,11.48,11.6,11.38,11.59,76517.0,886832.03,0.0,0.9581881533101022,1.9332161687170373
2025-08-29,11.63,11.71,11.45,11.58,55318.0,640582.4400000001,0.0,-0.08628127696289623,2.2707423580786164
2025-09-01,11.54,11.55,11.37,11.48,54203.0,622250.4400000001,0.0,-0.8635578583765069,1.5831134564643932
2025-09-02,11.49,11.49,11.27,11.33,39238.0,444566.54,0.0,-1.3066202090592394,1.9520851818988523
2025-09-03,11.33,11.4,11.13,11.18,34654.0,387431.72,0.0,-1.3239187996469615,2.4258760107816673
2025-09-04,11.14,11.18,11.04,11.14,43092.0,480044.88,0.0,-0.3577817531305816,1.2681159420289907
2025-09-05,11.14,11.2,11.07,11.18,40707.0,455104.26,0.0,0.35906642728904536,1.1743450767840922
2025-09-08,11.18,11.21,11.13,11.14,32396.0,360891.44,0.0,-0.3577817531305816,0.7187780772686438
2025-09-09,11.16,11.33,11.14,11.3,44757.0,505754.10000000003,0.0,1.4362657091562037,1.7055655296229755
2025-09-10,11.27,11.31,11.17,11.23,44207.0,496444.61000000004,0.0,-0.6194690265486802,1.2533572068039442
2025-09-11,11.21,11.21,11.1,11.19,60896.0,681426.24,0.0,-0.3561887800534347,0.9909909909910019
2025-09-12,11.19,11.34,11.13,11.28,75054.0,846609.12,0.0,0.8042895442359255,1.8867924528301803
2025-09-15,11.25,11.27,11.07,11.15,66812.0,744953.8,0.0,-1.1524822695035408,1.8066847335139955
2025-09-16,11.15,11.22,11.13,11.2,51786.0,580003.2,0.0,0.4484304932735439,0.8086253369272224
2025-09-17,11.19,11.2,11.09,11.17,47108.0,526196.36,0.0,-0.2678571428571419,0.9918845807033313
2025-09-18,11.13,11.21,10.87,10.93,56191.0,614167.63,0.0,-2.14861235452104,3.127874885004615
2025-09-19,10.9,11.01,10.78,11.0,51512.0,566632.0,0.0,0.6404391582799596,2.1335807050092805
2025-09-22,10.93,11.0,10.83,11.0,39026.0,429286.0,0.0,0.0,1.5697137580794083
2025-09-23,10.94,10.99,10.7,10.98,51662.0,567248.76,0.0,-0.181818181818183,2.7102803738317847
2025-09-24,10.88,11.22,10.88,11.15,61743.0,688434.4500000001,0.0,1.5482695810564717,3.1249999999999987
2025-09-25,11.15,11.15,11.04,11.12,34986.0,389044.31999999995,0.0,-0.2690582959641308,0.9963768115942139
2025-09-26,11.09,11.14,11.0,11.06,32350.0,357791.0,0.0,-0.5395683453237266,1.272727272727278
2025-09-29,11.03,11.06,10.86,11.05,51286.0,566710.3,0.0,-0.0904159132007254,1.8416206261510228
2025-09-30,11.01,11.08,10.95,11.08,32167.0,356410.36,0.0,0.2714932126696823,1.1872146118721534
2025-10-09,11.07,11.07,10.9,10.94,33492.0,366402.48,0.0,-1.263537906137191,1.559633027522935
2025-10-10,10.94,11.16,10.91,11.15,49745.0,554656.75,0.0,1.9195612431444298,2.2914757103574703
2025-10-13,10.94,11.08,10.91,11.08,41856.0,463764.48,0.0,-0.627802690582957,1.558203483043079
2025-10-14,11.08,11.19,11.06,11.16,48360.0,539697.6,0.0,0.7220216606498298,1.1754068716093942
2025-10-15,11.14,11.22,11.09,11.19,36150.0,404518.5,0.0,0.26881720430107503,1.1722272317403135
2025-10-16,11.18,11.23,11.09,11.23,37136.0,417037.28,0.0,0.3574620196604261,1.262398557258797
2025-10-17,11.2,11.24,11.1,11.16,38415.0,428711.4,0.0,-0.6233303650934996,1.2612612612612664
2025-10-20,11.15,11.26,11.05,11.2,43995.0,492743.99999999994,0.0,0.35842293906809264,1.9004524886877743
2025-10-21,11.17,11.3,11.17,11.29,53904.0,608576.1599999999,0.0,0.8035714285714368,1.1638316920322362
2025-10-22,11.29,11.42,11.22,11.36,49421.0,561422.5599999999,0.0,0.620017714791854,1.7825311942958937
2025-10-23,11.35,11.44,11.27,11.43,56250.0,642937.5,0.0,0.616197183098599,1.508429458740017
2025-10-24,11.44,11.44,11.21,11.28,61262.0,691035.36,0.0,-1.3123359580052507,2.0517395182872313
2025-10-27,11.29,11.29,11.14,11.22,70744.0,793747.68,0.0,-0.5319148936170137,1.346499102333919
2025-10-28,11.22,11.22,10.93,11.02,82142.0,905204.84,0.0,-1.782531194295911,2.653247941445571
2025-10-29,10.97,11.01,10.87,11.01,52776.0,581063.76,0.0,-0.09074410163338875,1.2879484820607228
2025-10-30,11.01,11.1,10.92,10.96,46462.0,509223.52,0.0,-0.4541326067211582,1.6483516483516456
2025-10-31,10.96,11.02,10.85,10.94,52842.0,578091.48,0.0,-0.18248175182482562,1.5668202764976953
2025-11-03,10.98,11.01,10.92,11.0,40829.0,449119.0,0.0,0.5484460694698434,0.8241758241758228
2025-11-04,10.98,11.0,10.87,10.95,33017.0,361536.14999999997,0.0,-0.454545454545463,1.1959521619135307
2025-11-05,10.93,10.95,10.8,10.94,29926.0,327390.44,0.0,-0.09132420091324533,1.3888888888888755
2025-11-06,10.95,10.99,10.87,10.98,23962.0,263102.76,0.0,0.365630712979903,1.1039558417663387
2025-11-07,10.98,11.02,10.94,10.98,25951.0,284941.98000000004,0.0,0.0,0.7312614259597813
2025-11-10,10.99,11.05,10.91,11.05,31376.0,346704.80000000005,0.0,0.6375227686703067,1.2832263978001883
2025-11-11,11.05,11.18,11.04,11.13,46857.0,521518.41000000003,0.0,0.7239819004524861,1.2681159420289907
2025-11-12,11.13,11.46,11.08,11.19,69218.0,774549.4199999999,0.0,0.5390835579514697,3.4296028880866496
2025-11-13,11.15,11.17,11.05,11.17,38918.0,434714.06,0.0,-0.17873100983020196,1.0859728506787258
2025-11-14,11.17,11.26,11.14,11.18,48777.0,545326.86,0.0,0.08952551477170445,1.0771992818671383
2025-11-17,11.18,11.21,11.08,11.2,40462.0,453174.39999999997,0.0,0.17889087656528524,1.1732851985559638
2025-11-18,11.19,11.2,10.99,11.06,37914.0,419328.84,0.0,-1.2499999999999845,1.9108280254776986
2025-11-19,11.11,11.11,10.89,10.95,31224.0,341902.8,0.0,-0.9945750452079682,2.0202020202020097
2025-11-20,10.93,11.04,10.88,11.0,29583.0,325413.0,0.0,0.4566210045662267,1.4705882352941024
2025-11-21,10.98,11.03,10.72,10.78,48371.0,521439.37999999995,0.0,-2.0000000000000018,2.8917910447761073
2025-11-24,10.75,10.82,10.7,10.76,34710.0,373479.6,0.0,-0.18552875695732052,1.1214953271028132
2025-11-25,10.76,10.81,10.68,10.77,29843.0,321409.11,0.0,0.09293680297397522,1.217228464419483
2025-11-26,10.78,10.79,10.67,10.71,28163.0,301625.73000000004,0.0,-0.557103064066844,1.1246485473289525
2025-11-27,10.71,10.74,10.58,10.69,29006.0,310074.14,0.0,-0.18674136321196189,1.5122873345935741
2025-11-28,10.72,10.84,10.69,10.83,33276.0,360379.08,0.0,1.3096351730589317,1.4031805425631465
2025-12-01,10.77,10.85,10.73,10.82,33651.0,364103.82,0.0,-0.09233610341643494,1.118359739049387
2025-12-02,10.8,10.84,10.7,10.73,28913.0,310236.49,0.0,-0.8317929759704246,1.3084112149532765
2025-12-03,10.74,10.74,10.5,10.52,45297.0,476524.44,0.0,-1.9571295433364444,2.285714285714288
2025-12-04,10.53,10.53,10.34,10.41,25597.0,266464.77,0.0,-1.0456273764258506,1.8375241779497051
2025-12-05,10.39,10.41,10.31,10.41,28149.0,293031.09,0.0,0.0,0.9699321047526638
2025-12-08,10.4,10.46,10.37,10.43,31115.0,324529.45,0.0,0.19212295869355245,0.867888138862118
2025-12-09,10.42,10.43,10.34,10.39,21075.0,218969.25,0.0,-0.3835091083413178,0.8704061895551243
2025-12-10,10.4,10.41,10.2,10.39,49134.0,510502.26,0.0,0.0,2.0588235294117734
2025-12-11,10.35,10.38,10.18,10.24,46520.0,476364.8,0.0,-1.4436958614052031,1.964636542239696
2025-12-12,10.24,10.25,9.98,9.99,77205.0,771277.9500000001,0.0,-2.44140625,2.7054108216432824
2025-12-15,9.96,10.02,9.88,10.01,32454.0,324864.54,0.0,0.2002002002001957,1.4170040485829836
2025-12-16,10.0,10.04,9.91,9.93,20377.0,202343.61,0.0,-0.7992007992008054,1.3118062563067507
2025-12-17,9.91,9.96,9.82,9.92,25240.0,250380.8,0.0,-0.10070493454179541,1.425661914460291
2025-12-18,9.91,10.0,9.89,9.97,17448.0,173956.56,0.0,0.504032258064524,1.1122345803842206
2025-12-19,9.95,10.08,9.94,10.07,28505.0,287045.35000000003,0.0,1.0030090270812364,1.4084507042253578
2025-12-22,10.08,10.08,10.0,10.06,19188.0,193031.28,0.0,-0.09930486593843213,0.8000000000000007
2025-12-23,10.06,10.07,9.99,10.02,14947.0,149768.94,0.0,-0.3976143141153132,0.8008008008008015
2025-12-24,10.03,10.06,9.97,10.06,15059.0,151493.54,0.0,0.3992015968063978,0.9027081243731179
2025-12-25,10.04,10.13,10.02,10.12,24448.0,247413.75999999998,0.0,0.5964214711729587,1.097804391217577
2025-12-26,10.07,10.18,10.07,10.16,21465.0,218084.4,0.0,0.39525691699606735,1.0923535253227352
2025-12-29,10.15,10.16,10.03,10.08,19847.0,200057.76,0.0,-0.7874015748031482,1.2961116650049929
2025-12-30,10.08,10.14,9.96,10.07,18848.0,189799.36000000002,0.0,-0.09920634920634885,1.8072289156626478
2025-12-31,10.04,10.1,10.0,10.09,23443.0,236539.87,0.0,0.19860973187686426,0.9999999999999963
2026-01-05,10.09,10.97,10.09,10.8,141343.0,1526504.4000000001,0.0,7.036669970267595,8.721506442021813
2026-01-06,10.84,10.97,10.5,10.61,114836.0,1218409.96,0.0,-1.7592592592592715,4.4761904761904825
2026-01-07,10.49,10.57,10.3,10.36,68495.0,709608.2,0.0,-2.3562676720075393,2.6213592233009666
2026-01-08,10.36,10.55,10.3,10.46,53992.0,564756.3200000001,0.0,0.9652509652509744,2.4271844660194173
2026-01-09,10.46,10.54,10.4,10.54,52284.0,551073.36,0.0,0.7648183556405286,1.3461538461538345
2026-01-12,10.55,10.59,10.44,10.57,43220.0,456835.4,0.0,0.2846299810246755,1.4367816091954058
2026-01-13,10.56,10.64,10.42,10.47,45256.0,473830.32,0.0,-0.9460737937559083,2.1113243761996223
2026-01-14,10.47,10.52,10.32,10.4,45408.0,472243.2,0.0,-0.6685768863419317,1.937984496124024
2026-01-15,10.4,10.45,10.33,10.43,26074.0,271951.82,0.0,0.28846153846153744,1.161665053242974
2026-01-16,10.44,10.49,10.33,10.37,31892.0,330720.04,0.0,-0.5752636625119933,1.5488867376573103
2026-01-19,10.4,10.47,10.38,10.46,28459.0,297681.14,0.0,0.8678881388621162,0.8670520231213859
2026-01-20,10.41,10.67,10.4,10.61,58518.0,620875.98,0.0,1.434034416825991,2.5961538461538423
2026-01-21,10.57,10.7,10.52,10.58,40775.0,431399.5,0.0,-0.2827521206408945,1.711026615969579
2026-01-22,10.6,10.65,10.55,10.61,30709.0,325822.49,0.0,0.2835538752362865,0.9478672985781956
2026-01-23,10.61,10.65,10.5,10.61,35941.0,381334.00999999995,0.0,0.0,1.428571428571432
2026-01-26,10.59,10.64,10.52,10.57,26523.0,280348.11,0.0,-0.37700282752120007,1.1406844106463974
2026-01-27,10.56,10.59,10.35,10.49,33601.0,352474.49,0.0,-0.7568590350047311,2.3188405797101472
2026-01-28,10.54,10.67,10.5,10.6,37968.0,402460.8,0.0,1.0486177311725298,1.6190476190476182
2026-01-29,10.65,10.79,10.59,10.78,67340.0,725925.2,0.0,1.6981132075471583,1.8885741265344598
2026-01-30,10.78,10.78,10.52,10.59,45460.0,481421.39999999997,0.0,-1.7625231910946115,2.4714828897338386
2026-02-02,10.53,10.62,10.33,10.37,37777.0,391747.49,0.0,-2.077431539187924,2.807357212003864
2026-02-03,10.43,10.56,10.42,10.5,23903.0,250981.5,0.0,1.2536162005786,1.3435700575815794
2026-02-04,10.51,10.68,10.44,10.68,46043.0,491739.24,0.0,1.7142857142857126,2.2988505747126458
2026-02-05,10.7,10.78,10.64,10.74,44655.0,479594.7,0.0,0.5617977528090012,1.315789473684199
2026-02-06,10.7,10.8,10.62,10.65,39731.0,423135.15,0.0,-0.8379888268156388,1.6949152542373023
2026-02-09,10.67,10.81,10.65,10.78,42481.0,457945.18,0.0,1.2206572769952961,1.5023474178403768
2026-02-10,10.79,10.79,10.69,10.74,26317.0,282644.58,0.0,-0.37105751391465214,0.9354536950420921
2026-02-11,10.74,10.89,10.68,10.83,51241.0,554940.03,0.0,0.8379888268156499,1.9662921348314686
2026-02-12,10.79,10.84,10.62,10.68,44389.0,474074.51999999996,0.0,-1.3850415512465353,2.071563088512247
2026-02-13,10.7,10.7,10.48,10.53,34015.0,358177.94999999995,0.0,-1.4044943820224698,2.099236641221363
2026-02-24,10.54,10.63,10.42,10.57,30055.0,317681.35000000003,0.0,0.3798670465337217,2.015355086372369
2026-02-25,10.6,10.75,10.59,10.69,44372.0,474336.68,0.0,1.1352885525070855,1.5108593012275744
2026-02-26,10.71,10.73,10.5,10.55,38425.0,405383.75,0.0,-1.3096351730589206,2.1904761904761942
2026-02-27,10.52,10.6,10.46,10.6,28922.0,306573.2,0.0,0.4739336492890933,1.3384321223709252
2026-03-02,10.47,10.57,10.35,10.46,28876.0,302042.96,0.0,-1.3207547169811207,2.125603864734306
2026-03-03,10.46,10.49,10.24,10.26,32664.0,335132.64,0.0,-1.9120458891013437,2.44140625
2026-03-04,10.18,10.26,10.05,10.13,29188.0,295674.44,0.0,-1.2670565302144166,2.0895522388059606
2026-03-05,10.16,10.27,10.14,10.25,25941.0,265895.25,0.0,1.1846001974333609,1.2820512820512722
2026-03-06,10.2,10.3,10.16,10.3,26180.0,269654.0,0.0,0.4878048780487809,1.3779527559055174
2026-03-09,10.2,10.23,10.11,10.18,27691.0,281894.38,0.0,-1.1650485436893288,1.1869436201780514
2026-03-10,10.19,10.3,10.17,10.3,24788.0,255316.40000000002,0.0,1.1787819253438192,1.2782694198623479
2026-03-11,10.3,10.32,10.23,10.32,21991.0,226947.12,0.0,0.19417475728154,0.8797653958944267
2026-03-12,10.29,10.34,10.25,10.34,19949.0,206272.66,0.0,0.19379844961240345,0.8780487804878035
2026-03-13,10.32,10.52,10.3,10.41,50144.0,521999.04,0.0,0.6769825918762074,2.135922330097076
2026-03-16,10.51,10.51,10.2,10.4,47627.0,495320.8,0.0,-0.09606147934677622,3.039215686274515
2026-03-17,10.38,10.55,10.37,10.48,47354.0,496269.92000000004,0.0,0.7692307692307665,1.735776277724219
2026-03-18,10.48,10.49,10.33,10.45,32711.0,341829.94999999995,0.0,-0.2862595419847458,1.5488867376573103
2026-03-19,10.41,10.51,10.36,10.41,40305.0,419575.05,0.0,-0.382775119617218,1.4478764478764514
2026-03-20,10.44,10.67,10.32,10.44,51559.0,538275.96,0.0,0.28818443804032867,3.3914728682170505
2026-03-23,10.28,10.3,9.87,9.91,61513.0,609593.83,0.0,-5.07662835249042,4.356636271529904
2026-03-24,10.05,10.11,9.88,10.11,31786.0,321356.45999999996,0.0,2.0181634712411523,2.327935222672051
2026-03-25,10.1,10.27,10.08,10.27,29692.0,304936.83999999997,0.0,1.5825914935707175,1.88492063492063
2026-03-26,10.23,10.41,10.23,10.35,27065.0,280122.75,0.0,0.778967867575453,1.7595307917888534
2026-03-27,10.26,10.31,10.11,10.25,29430.0,301657.5,0.0,-0.9661835748792202,1.978239366963413
2026-03-30,10.17,10.35,10.1,10.33,26467.0,273404.11,0.0,0.7804878048780495,2.4752475247524752
2026-03-31,10.33,10.52,10.28,10.38,37874.0,393132.12000000005,0.0,0.4840271055179146,2.3346303501945544
2026-04-01,10.46,10.47,10.28,10.43,27316.0,284905.88,0.0,0.481695568400764,1.8482490272373666
2026-04-02,10.39,10.41,10.25,10.27,22500.0,231075.0,0.0,-1.5340364333652934,1.560975609756099
2026-04-03,10.26,10.3,10.07,10.16,21762.0,221101.92,0.0,-1.071080817916259,2.284011916583917
2026-04-07,10.18,10.18,10.02,10.16,19626.0,199400.16,0.0,0.0,1.5968063872255505
2026-04-08,10.16,10.4,10.16,10.37,27265.0,282738.05,0.0,2.066929133858264,2.362204724409451
2026-04-09,10.35,10.35,10.2,10.28,24538.0,252250.63999999998,0.0,-0.8678881388621051,1.4705882352941213
2026-04-10,10.28,10.46,10.28,10.45,38507.0,402398.14999999997,0.0,1.6536964980544688,1.750972762645929
2026-04-13,10.43,10.51,10.39,10.51,26285.0,276255.35,0.0,0.5741626794258492,1.1549566891241503
2026-04-14,10.54,10.67,10.54,10.66,42129.0,449095.14,0.0,1.4272121788772685,1.2333965844402353
2026-04-15,10.69,10.75,10.47,10.71,64598.0,691844.5800000001,0.0,0.46904315196998336,2.674307545367711
2026-04-16,10.78,10.78,10.57,10.66,46597.0,496724.02,0.0,-0.46685340802988806,1.9867549668874083
2026-04-17,10.65,10.71,10.6,10.69,23170.0,247687.3,0.0,0.2814258911819856,1.037735849056615
2026-04-20,10.63,10.73,10.56,10.64,31788.0,338224.32,0.0,-0.4677268475210328,1.6098484848484842
2026-04-21,10.62,10.69,10.55,10.62,25161.0,267209.82,0.0,-0.1879699248120481,1.327014218009467
2026-04-22,10.56,10.58,10.45,10.53,24817.0,261323.00999999998,0.0,-0.8474576271186418,1.2440191387559885
2026-04-23,10.53,10.68,10.51,10.6,38171.0,404612.6,0.0,0.6647673314339908,1.6175071360608937
2026-04-24,10.6,10.63,10.46,10.52,24842.0,261337.84,0.0,-0.7547169811320753,1.6252390057361368
2026-04-27,10.59,10.59,10.38,10.51,20314.0,213500.13999999998,0.0,-0.0950570342205248,2.023121387283228
2026-04-28,10.46,10.54,10.4,10.51,25504.0,268047.04,0.0,0.0,1.3461538461538345
2026-04-29,10.53,10.6,10.45,10.6,29624.0,314014.39999999997,0.0,0.8563273073263655,1.4354066985645968
2026-04-30,10.53,10.53,9.88,10.03,111268.0,1116018.04,0.0,-5.377358490566042,6.578947368421038
2026-05-06,10.05,10.09,9.94,9.99,44079.0,440349.21,0.0,-0.3988035892322994,1.509054325955738
2026-05-07,9.99,10.06,9.93,10.05,38540.0,387327.0,0.0,0.6006006006006093,1.309164149043311
2026-05-08,10.0,10.09,9.99,10.08,22917.0,231003.36000000002,0.0,0.29850746268655914,1.0010010010009973
2026-05-11,10.09,10.12,10.03,10.11,32534.0,328918.74,0.0,0.29761904761904656,0.8973080757726806
2026-05-12,10.1,10.14,10.04,10.1,20429.0,206332.9,0.0,-0.09891196834816984,0.9960159362549943
2026-05-13,10.1,10.11,10.0,10.07,16039.0,161512.73,0.0,-0.2970297029702862,1.0999999999999943
2026-05-14,10.06,10.06,9.94,10.05,24667.0,247903.35,0.0,-0.19860973187685316,1.2072434607645974
2026-05-15,10.03,10.12,9.92,9.98,23060.0,230138.80000000002,0.0,-0.6965174129353269,2.0161290322580574
