date,open,high,low,close,volume,amount,turnover_rate,change_pct,amplitude
2023-09-15,28.451,29.201,28.302,28.592,16071.0,459502.032,0.0,,3.1764539608508264
2023-09-18,28.406,29.223,28.08,28.963,19088.0,552845.7440000001,0.0,1.297565752658092,4.070512820512824
2023-09-19,29.0,29.632,28.392,28.547,13859.0,395632.873,0.0,-1.436315298829538,4.367427444350529
2023-09-20,28.392,29.609,28.384,28.577,19247.0,550021.5190000001,0.0,0.10508985182331454,4.31581172491545
2023-09-21,28.585,29.09,28.169,28.444,14519.0,412978.436,0.0,-0.4654092451972014,3.269551634775815
2023-09-22,28.436,33.597,28.436,33.196,94038.0,3121685.448,0.0,16.706511039234996,18.149528766352514
2023-09-25,33.27,33.27,32.104,32.483,48370.0,1571202.71,0.0,-2.1478491384504195,3.631946174931485
2023-09-26,32.49,33.96,32.49,32.921,53372.0,1757059.612,0.0,1.348397623372244,4.524469067405352
2023-09-27,32.914,33.597,32.542,32.676,34383.0,1123498.908,0.0,-0.7442058260684559,3.241964230840144
2023-09-28,32.743,34.087,32.743,33.404,53347.0,1782003.188,0.0,2.227934875749793,4.104694133097154
2023-10-09,32.602,33.121,31.562,31.815,39703.0,1263150.945,0.0,-4.756915339480305,4.939484189848555
2023-10-10,32.008,33.032,31.844,32.386,33802.0,1094711.5720000002,0.0,1.7947509036617904,3.730687099610587
2023-10-11,32.357,34.22,31.8,33.337,57664.0,1922344.7680000002,0.0,2.9364540233434155,7.610062893081755
2023-10-12,32.824,33.121,31.488,31.807,39518.0,1256949.0259999998,0.0,-4.589495155532908,5.186102642276431
2023-10-13,31.822,31.822,30.671,31.013,27542.0,854160.0460000001,0.0,-2.4963058446253905,3.752730592416288
2023-10-16,31.028,31.473,30.3,31.028,22402.0,695089.2559999999,0.0,0.0483668139167337,3.871287128712866
2023-10-17,31.005,31.028,29.736,30.025,22899.0,687542.475,0.0,-3.2325641356194423,4.344901802528915
2023-10-18,29.862,29.929,28.072,28.644,25152.0,720453.8879999999,0.0,-4.599500416319735,6.615132516386432
2023-10-19,28.451,29.297,28.206,28.986,23228.0,673286.808,0.0,1.1939673229995895,3.8679713536127105
2023-10-20,29.023,30.018,27.812,27.998,20540.0,575078.92,0.0,-3.4085420547850687,7.931827987918883
2023-10-23,28.169,28.206,26.439,26.817,20893.0,560287.581,0.0,-4.218158439888564,6.683308748439802
2023-10-24,27.04,29.186,27.003,28.904,30745.0,888653.48,0.0,7.782376850505268,8.084286931081731
2023-10-25,28.904,29.03,27.233,27.434,42827.0,1174915.918,0.0,-5.085801273180179,6.598611978114789
2023-10-26,27.389,27.82,27.114,27.397,26020.0,712869.94,0.0,-0.13486914048261855,2.6038209043298646
2023-10-27,27.152,27.76,26.825,27.397,27996.0,767006.412,0.0,0.0,3.4855545200372875
2023-10-30,27.181,28.518,26.81,28.206,33703.0,950626.818,0.0,2.952878052341501,6.370757180156665
2023-10-31,28.206,28.815,26.884,27.449,30610.0,840213.89,0.0,-2.6838261362830518,7.182710906115165
2023-11-01,27.218,28.971,27.203,28.495,45469.0,1295639.155,0.0,3.8107034864658162,6.499283167297727
2023-11-02,28.236,29.387,28.236,28.741,43827.0,1259631.807,0.0,0.8633093525179714,4.0763564244227215
2023-11-03,28.503,29.387,27.708,28.807,41045.0,1182383.315,0.0,0.22963710378900437,6.059621769885961
2023-11-06,29.557,33.864,29.409,32.995,90263.0,2978227.6849999996,0.0,14.538133092651083,15.14842395185147
2023-11-07,34.012,35.854,33.025,34.651,98361.0,3408307.0110000004,0.0,5.018942263979409,8.566237698713099
2023-11-08,35.624,39.5,34.725,38.921,124347.0,4839709.587,0.0,12.322876684655547,13.750899928005754
2023-11-09,37.332,38.668,36.24,36.983,89845.0,3322737.635,0.0,-4.97931707818402,6.699779249448115
2023-11-10,36.916,37.116,35.275,36.671,61791.0,2265937.761,0.0,-0.8436308574209739,5.218993621545007
2023-11-13,36.968,38.505,36.24,36.537,67067.0,2450426.979,0.0,-0.365411360475576,6.250000000000002
2023-11-14,34.71,36.745,34.71,36.017,53123.0,1913331.0910000002,0.0,-1.423214823329766,5.8628637280322575
2023-11-15,36.834,37.681,35.728,35.824,46142.0,1652991.008,0.0,-0.5358580670239199,5.46630094043886
2023-11-16,36.804,38.557,35.98,37.695,81765.0,3082131.675,0.0,5.222755694506476,7.162312395775445
2023-11-17,37.428,39.21,35.646,38.096,78063.0,2973888.048,0.0,1.0638015651943222,9.998316781686585
2023-11-20,38.468,40.695,37.807,38.928,76430.0,2975267.0399999996,0.0,2.1839563208735813,7.638797048165678
2023-11-21,38.987,41.438,38.839,39.708,60169.0,2389190.652,0.0,2.0036991368680646,6.6917273874198715
2023-11-22,39.722,43.673,39.351,42.455,83217.0,3532977.735,0.0,6.918001410295149,10.98320245991208
2023-11-23,40.695,41.542,38.839,39.121,58096.0,2272773.616,0.0,-7.853020845601211,6.959499472180034
2023-11-24,39.218,40.101,38.252,39.678,40006.0,1587358.068,0.0,1.4237877354873252,4.833734183833515
2023-11-27,38.379,39.552,37.183,38.846,41601.0,1616032.4459999998,0.0,-2.096879883058622,6.371191135734071
2023-11-28,38.765,41.631,38.364,40.844,39680.0,1620689.9200000002,0.0,5.143386706482023,8.515796058805138
2023-11-29,41.185,41.289,39.611,39.908,22114.0,882525.512,0.0,-2.2916462638331248,4.236197015980421
2023-11-30,40.198,42.017,40.198,41.044,35895.0,1473274.38,0.0,2.846547058233928,4.525100751281165
2023-12-01,41.868,49.279,41.141,49.279,71960.0,3546116.8400000003,0.0,20.063833934314413,19.780753992367725
2023-12-04,49.977,53.177,47.883,50.437,97797.0,4932587.289,0.0,2.3498853466993985,11.056115949293062
2023-12-05,50.259,50.437,46.041,46.153,71647.0,3306723.991,0.0,-8.493764498284984,9.548011554918446
2023-12-06,46.294,47.868,44.348,45.64,86422.0,3944300.08,0.0,-1.1115203778735872,7.937223775593044
2023-12-07,47.898,49.309,41.891,42.774,139909.0,5984467.566000001,0.0,-6.279579316389128,17.707860877038026
2023-12-08,40.012,40.695,36.24,37.866,131737.0,4988353.242,0.0,-11.474260064525177,12.29304635761589
2023-12-11,36.997,40.68,36.997,39.797,117890.0,4691668.33,0.0,5.099561612000203,9.954861204962565
2023-12-12,39.284,40.279,38.111,39.21,85115.0,3337359.15,0.0,-1.4749855516747346,5.688646322584048
2023-12-13,39.18,39.262,37.859,37.985,51292.0,1948326.6199999999,0.0,-3.124203009436377,3.7058559391426042
2023-12-14,38.468,39.73,37.733,37.896,71491.0,2709222.936,0.0,-0.2343030143477698,5.292449579943286
2023-12-15,37.822,39.537,37.369,38.668,60039.0,2321588.052,0.0,2.0371543170783157,5.801600256897426
2023-12-18,38.512,39.025,36.582,36.79,58269.0,2143716.51,0.0,-4.856729078307643,6.6781477229238355
2023-12-19,36.441,38.156,36.441,37.591,40594.0,1525969.054,0.0,2.1772220712150014,4.706237479761796
2023-12-20,37.725,38.015,35.728,35.988,40122.0,1443910.536,0.0,-4.264318586895799,6.401141961486786
2023-12-21,35.557,37.658,34.993,36.389,47589.0,1731716.121,0.0,1.1142603089918879,7.615808876060924
2023-12-22,35.988,36.515,32.631,32.988,69561.0,2294678.268,0.0,-9.346231003874806,11.902791823725906
2023-12-25,32.832,33.782,32.245,32.765,44347.0,1453029.455,0.0,-0.6760033951739963,4.766630485346562
2023-12-26,33.047,33.062,31.198,31.577,38932.0,1229355.764,0.0,-3.6258202350068602,5.974741970639134
2023-12-27,31.926,32.245,31.124,31.265,36397.0,1137952.205,0.0,-0.9880609304240506,3.601722143683327
2023-12-28,31.733,32.268,30.56,31.592,41949.0,1325252.808,0.0,1.045897968974896,5.589005235602101
2023-12-29,31.339,33.069,31.339,32.364,53366.0,1727137.224,0.0,2.443656621929602,5.520278247550988
2024-01-02,33.27,33.418,32.149,32.149,54863.0,1763790.587,0.0,-0.6643183784451723,3.9472456375003837
2024-01-03,32.008,34.005,31.926,32.758,54022.0,1769652.6760000002,0.0,1.8943046440013767,6.51193384702125
2024-01-04,32.876,34.228,31.867,33.946,55496.0,1883867.2159999998,0.0,3.626595030221602,7.408918316754011
2024-01-05,33.307,33.567,31.867,32.178,44105.0,1419210.69,0.0,-5.208271961350386,5.334672231462012
2024-01-08,32.112,32.891,31.636,32.112,33196.0,1065989.952,0.0,-0.20510908073837486,3.9669996206852924
2024-01-09,32.453,32.72,31.339,31.703,29308.0,929151.524,0.0,-1.273667164922776,4.406649861195317
2024-01-10,31.8,31.8,30.627,30.634,32644.0,1000016.296,0.0,-3.3719206384253853,3.8299539621902303
2024-01-11,30.745,32.438,30.745,32.238,42071.0,1356284.898,0.0,5.236012273943991,5.506586436818999
2024-01-12,32.097,32.327,31.042,31.139,25992.0,809364.888,0.0,-3.4090204106954514,4.139552863861853
2024-01-15,31.198,31.763,30.627,30.79,27984.0,861627.36,0.0,-1.1207810141623087,3.709145525190201
2024-01-16,30.671,30.938,29.988,30.463,22781.0,693977.603,0.0,-1.0620331276388395,3.1679338402027453
2024-01-17,30.463,30.745,29.839,29.839,17732.0,529105.1479999999,0.0,-2.0483865673111668,3.0362947819967236
2024-01-18,29.929,30.151,28.807,29.995,29367.0,880863.165,0.0,0.5228057240524331,4.665532683028435
2024-01-19,30.226,30.738,29.312,29.557,26488.0,782905.816,0.0,-1.4602433738956533,4.864901746724885
2024-01-22,29.587,29.721,26.498,26.877,37153.0,998561.181,0.0,-9.067226037825215,12.163182126952973
2024-01-23,27.255,28.444,26.624,27.708,39100.0,1083382.8,0.0,3.0918629311307066,6.835937500000002
2024-01-24,27.775,28.035,26.268,27.322,31387.0,857555.614,0.0,-1.3930994658582385,6.726815897670167
2024-01-25,27.515,29.446,26.587,29.446,47289.0,1392471.894,0.0,7.77395505453482,10.753375709933433
2024-01-26,29.297,29.58,28.169,28.458,38290.0,1089656.8199999998,0.0,-3.355294437275025,5.009052504526244
2024-01-29,28.807,28.807,26.958,26.973,28732.0,774988.2359999999,0.0,-5.218216318785574,6.858817419689888
2024-01-30,26.587,26.996,25.696,25.822,22988.0,593596.1359999999,0.0,-4.267230193156113,5.05915317559152
2024-01-31,25.815,26.55,22.132,24.582,35751.0,878831.082,0.0,-4.802106730694755,19.962045906379895
2024-02-01,24.85,25.095,23.409,24.233,38587.0,935078.7710000001,0.0,-1.4197380196892095,7.202358067409971
2024-02-02,24.441,25.132,21.909,22.927,43208.0,990629.816,0.0,-5.389345107910703,14.710849422611725
2024-02-05,22.674,22.674,18.88,19.318,52113.0,1006718.9340000001,0.0,-15.741265756531597,20.09533898305085
2024-02-06,18.776,20.187,16.934,19.474,66444.0,1293930.456,0.0,0.8075370121130465,19.20987362702256
2024-02-07,19.637,19.771,16.511,17.372,86540.0,1503372.88,0.0,-10.793879018178087,19.744412815698638
2024-02-08,17.194,19.86,16.281,19.452,84532.0,1644316.4640000002,0.0,11.973290352291045,21.98267919660955
2024-02-19,21.39,23.372,21.39,23.372,65719.0,1535984.4679999999,0.0,20.152169442730816,9.266012155212714
2024-02-20,25.102,26.958,23.625,24.352,159632.0,3887358.464,0.0,4.193051514632895,14.1079365079365
2024-02-21,23.988,25.154,23.387,24.271,108333.0,2629350.2430000002,0.0,-0.3326215505913277,7.555479539915336
2024-02-22,24.449,26.543,24.449,26.327,113326.0,2983533.6020000004,0.0,8.471014791314735,8.564767475152347
2024-02-23,25.993,30.426,25.696,29.305,151448.0,4438183.64,0.0,11.311581266380522,18.40753424657533
2024-02-26,28.087,31.696,27.166,31.651,142069.0,4496625.919,0.0,8.00545981914349,16.67525583449901
2024-02-27,30.523,32.795,30.077,32.082,140804.0,4517273.928,0.0,1.3617263277621694,9.03680553246667
2024-02-28,31.547,33.114,27.961,28.741,136896.0,3934527.9359999998,0.0,-10.413939280593487,18.429240728157072
2024-02-29,27.835,29.899,27.798,29.357,94448.0,2772709.9359999998,0.0,2.143279635364115,7.558097704870864
2024-03-01,30.374,30.812,29.335,30.159,110685.0,3338148.915,0.0,2.7318867731716434,5.034941196522926
2024-03-04,30.159,30.3,28.726,30.136,96500.0,2908124.0,0.0,-0.07626247554627374,5.479356680359262
2024-03-05,29.661,31.428,29.468,30.575,129548.0,3960930.1,0.0,1.4567294929652252,6.6512827473869995
2024-03-06,29.565,30.493,28.8,29.557,80128.0,2368343.296,0.0,-3.3295175797219967,5.878472222222215
2024-03-07,29.446,29.862,27.924,27.961,73275.0,2048842.275,0.0,-5.399736103122777,6.940266437473137
2024-03-08,27.998,29.186,27.701,28.889,52084.0,1504654.676,0.0,3.3189084796681145,5.360817299014474
2024-03-11,28.666,29.327,28.384,29.045,55738.0,1618910.2100000002,0.0,0.5399979230849228,3.3222942502818533
2024-03-12,29.052,30.018,28.948,29.594,59900.0,1772680.6,0.0,1.8901704252022755,3.6962829901893057
2024-03-13,29.787,33.641,29.669,31.755,161081.0,5115127.155,0.0,7.302155842400482,13.3877110789039
2024-03-14,31.206,32.008,30.448,31.117,95026.0,2956924.042,0.0,-2.0091324200913196,5.123489227535478
2024-03-15,30.968,31.473,29.981,31.28,87106.0,2724675.68,0.0,0.523829418003019,4.976485107234573
2024-03-18,31.339,33.248,30.775,33.159,120780.0,4004944.02,0.0,6.007033248081828,8.035743298131598
2024-03-19,32.513,34.376,32.386,32.401,99988.0,3239711.1880000005,0.0,-2.285955547513485,6.144630395850043
2024-03-20,32.156,35.75,32.119,34.421,137956.0,4748583.476,0.0,6.234375482238197,11.30483514430711
2024-03-21,35.795,36.686,34.012,36.114,150037.0,5418436.217999999,0.0,4.918509049708031,7.861931083147122
2024-03-22,35.349,39.158,34.012,36.834,177389.0,6533946.426000001,0.0,1.9936866589134628,15.129954133835119
2024-03-25,36.641,36.686,32.973,32.995,111648.0,3683825.76,0.0,-10.422435793017337,11.260728474812728
2024-03-26,34.072,34.48,32.23,33.775,88575.0,2991620.625,0.0,2.3639945446279675,6.981073533974559
2024-03-27,33.27,33.983,30.827,31.881,84752.0,2701978.512,0.0,-5.607698001480377,10.23777857073343
2024-03-28,31.785,33.307,31.265,33.01,63159.0,2084878.5899999999,0.0,3.541294187760724,6.531264992803459
2024-03-29,32.854,32.973,30.968,31.711,61307.0,1944106.277,0.0,-3.9351711602544692,6.4744252131232205
2024-04-01,31.919,33.419,31.729,33.089,77510.0,2564728.3899999997,0.0,4.345495254012799,5.326357590847483
2024-04-02,32.729,32.929,30.319,30.729,101306.0,3113032.074,0.0,-7.132279609537906,8.608463339819924
2024-04-03,30.259,30.799,28.739,29.279,84456.0,2472787.224,0.0,-4.7186696605812095,7.1679599150979465
2024-04-08,28.919,29.219,27.719,27.789,68949.0,1916023.7610000002,0.0,-5.08897161788312,5.41145062953209
2024-04-09,28.209,29.059,28.079,28.729,63764.0,1831875.956,0.0,3.3826334160998783,3.490152783218777
2024-04-10,28.589,28.729,27.199,27.529,58076.0,1598774.204,0.0,-4.17696404330119,5.625206809073854
2024-04-11,27.319,32.249,27.269,30.979,161294.0,4996726.825999999,0.0,12.532238730066481,18.262495874436187
2024-04-12,30.939,31.279,29.829,29.859,100161.0,2990707.299,0.0,-3.615352335453037,4.861041268564146
2024-04-15,29.709,30.429,27.039,27.829,90061.0,2506307.569,0.0,-6.79862018151981,12.537445911461212
2024-04-16,27.269,27.589,23.939,25.009,89871.0,2247583.839,0.0,-10.13331416867297,15.247086344458827
2024-04-17,25.929,27.299,25.929,26.649,87852.0,2341167.948,0.0,6.557639249870051,5.283659223263531
2024-04-18,26.499,27.299,25.629,26.099,86903.0,2268081.397,0.0,-2.0638673120942697,6.516056030278193
2024-04-19,25.929,26.659,25.419,25.479,66374.0,1691143.146,0.0,-2.375569945208633,4.878240686100941
2024-04-22,24.749,25.119,23.759,24.769,56846.0,1408018.574,0.0,-2.786608579614591,5.724146639168313
2024-04-23,25.179,26.199,25.159,25.799,74542.0,1923109.058,0.0,4.158423836246916,4.133709606900126
2024-04-24,25.729,27.289,25.179,27.229,93126.0,2535727.854,0.0,5.54285049808132,8.379999205687291
2024-04-25,25.349,25.909,24.769,24.839,111817.0,2777422.463,0.0,-8.777406441661462,4.6025273527393145
2024-04-26,24.829,26.509,24.649,25.859,95258.0,2463276.622,0.0,4.106445509078482,7.545945068765464
2024-04-29,26.279,27.789,26.279,27.299,83770.0,2286837.23,0.0,5.568660814416626,5.746032954069795
2024-04-30,27.429,27.909,26.529,27.229,66112.0,1800163.648,0.0,-0.25641964907139325,5.2018545742395075
2024-05-06,27.809,28.069,26.529,26.939,61097.0,1645892.083,0.0,-1.0650409489882051,5.804968148064379
2024-05-07,26.939,28.129,26.939,27.319,62957.0,1719922.283,0.0,1.410594305653512,4.417387430862323
2024-05-08,26.869,26.869,25.669,25.819,61266.0,1581826.854,0.0,-5.490684139243751,4.674899684444268
2024-05-09,25.809,26.079,25.489,25.699,47388.0,1217824.212,0.0,-0.4647740036407222,2.314723998587626
2024-05-10,25.859,26.069,24.679,24.889,45950.0,1143649.55,0.0,-3.151873613759304,5.632318975647315
2024-05-13,24.679,24.709,23.659,23.989,38574.0,925351.686,0.0,-3.6160552854674677,4.438057398875695
2024-05-14,24.469,24.999,24.249,24.839,44531.0,1106105.5089999998,0.0,3.543290674892652,3.092911047878263
2024-05-15,24.829,24.969,24.089,24.119,34062.0,821541.378,0.0,-2.8986674181730288,3.653119681182293
2024-05-16,24.229,25.019,24.149,24.459,39870.0,975180.33,0.0,1.4096770181184937,3.6026336494264664
2024-05-17,24.529,24.629,23.949,24.379,32590.0,794511.61,0.0,-0.3270779672104318,2.8393669881832215
2024-05-20,24.239,24.859,23.959,24.699,37742.0,932189.658,0.0,1.3126051109561443,3.7564172127384374
2024-05-21,24.829,25.109,24.599,24.779,33301.0,825165.479,0.0,0.32389975302642426,2.0732550103662812
2024-05-22,24.539,24.999,24.309,24.969,33592.0,838758.648,0.0,0.7667783203519241,2.8384548932494043
2024-05-23,24.989,25.069,23.809,23.899,41248.0,985785.952,0.0,-4.285313789098488,5.292116426561376
2024-05-24,23.809,24.009,22.949,22.949,36308.0,833232.292,0.0,-3.9750617180635106,4.618937644341795
2024-05-27,23.279,23.289,22.359,23.069,33335.0,769005.115,0.0,0.5228986012462356,4.159398899771903
2024-05-28,23.029,23.029,22.379,22.469,26712.0,600191.9280000001,0.0,-2.600892973254143,2.9045086911836924
2024-05-29,22.429,22.899,21.929,22.269,31904.0,710470.176,0.0,-0.8901152699274717,4.423366318573589
2024-05-30,22.229,22.929,21.819,22.399,37324.0,836020.2760000001,0.0,0.5837711617046271,5.0873092259040265
2024-05-31,22.419,23.069,22.229,22.809,38643.0,881408.187,0.0,1.8304388588776366,3.7788474515272834
2024-06-03,22.809,23.409,22.329,22.679,36827.0,835199.5329999999,0.0,-0.5699504581524906,4.836759371221274
2024-06-04,22.299,22.429,21.429,21.779,47547.0,1035526.113,0.0,-3.9684289430750863,4.666573335199963
2024-06-05,21.479,21.669,21.059,21.059,34178.0,719754.502,0.0,-3.305936911703933,2.896623771309176
2024-06-06,21.309,21.379,19.329,19.629,67084.0,1316791.8360000001,0.0,-6.790445890118235,10.605825443633922
2024-06-07,20.019,20.429,19.429,20.119,54910.0,1104734.29,0.0,2.4963064853023464,5.146945287971589
2024-06-11,20.129,20.409,19.609,20.319,36075.0,733007.9249999999,0.0,0.9940851931010464,4.079759294201627
2024-06-12,20.419,21.729,20.239,21.419,64330.0,1377884.27,0.0,5.413652246665679,7.362023815405891
2024-06-13,21.319,21.669,21.129,21.469,49190.0,1056060.11,0.0,0.2334376021289497,2.5557290927161675
2024-06-14,21.529,21.829,21.339,21.729,32498.0,706149.042,0.0,1.2110484885183181,2.2962650545948824
2024-06-17,21.429,21.629,21.119,21.239,30848.0,655180.672,0.0,-2.2550508536978153,2.414887068516509
2024-06-18,21.219,21.699,21.219,21.419,28755.0,615903.345,0.0,0.8474975281322017,2.262123568499931
2024-06-19,21.349,21.859,21.019,21.049,32614.0,686492.086,0.0,-1.7274382557542434,3.9963842237975333
2024-06-20,20.989,21.209,20.289,20.319,30511.0,619953.009,0.0,-3.468098246947604,4.53447681009413
2024-06-21,20.179,20.379,19.609,20.019,23850.0,477453.14999999997,0.0,-1.4764506127270094,3.926768320669078
2024-06-24,19.789,19.909,18.549,18.709,43867.0,820707.703,0.0,-6.543783405764514,7.331931640519701
2024-06-25,18.789,19.319,18.519,18.739,31521.0,590672.019,0.0,0.160350633384998,4.319887682920248
2024-06-26,18.539,21.909,18.539,21.729,122630.0,2664627.27,0.0,15.956027536154526,18.177895247855858
2024-06-27,20.869,21.779,20.629,20.839,100514.0,2094611.2459999998,0.0,-4.095908693451156,5.574676426390026
2024-06-28,20.689,21.119,20.299,20.429,58678.0,1198732.862,0.0,-1.9674648495609182,4.03960786245628
2024-07-01,20.329,20.799,19.769,20.669,40910.0,845568.79,0.0,1.174800528660258,5.210177550710715
2024-07-02,20.679,21.419,20.669,20.869,52087.0,1087003.603,0.0,0.9676326866321583,3.628622574870579
2024-07-03,21.039,21.509,20.149,20.519,49773.0,1021292.1869999999,0.0,-1.6771287555704673,6.749714626036028
2024-07-04,20.679,20.709,19.529,19.599,41594.0,815200.806,0.0,-4.483649300648174,6.042296072507551
2024-07-05,19.479,20.589,19.339,20.109,45161.0,908142.5490000001,0.0,2.602173580284717,6.463622731268422
2024-07-08,20.099,20.379,19.429,19.569,36776.0,719669.544,0.0,-2.68536476204686,4.889598023573025
2024-07-09,19.869,19.939,18.859,19.839,41647.0,826234.833,0.0,1.379733251571369,5.726708733230809
2024-07-10,19.729,20.119,19.359,19.479,33897.0,660279.663,0.0,-1.8146075911084192,3.925822614804473
2024-07-11,19.819,20.069,19.439,20.069,40953.0,821885.757,0.0,3.0289029210945007,3.2409074540871394
2024-07-12,20.299,21.829,19.779,20.929,106241.0,2223517.889,0.0,4.2852160047834875,10.364528034784371
2024-07-15,20.499,21.589,20.139,20.839,88262.0,1839291.818,0.0,-0.4300253237135121,7.1999602760812325
2024-07-16,20.729,20.929,19.809,19.999,63542.0,1270776.4579999999,0.0,-4.030903594222368,5.653995658539035
2024-07-17,20.049,20.729,19.509,19.559,54248.0,1061036.632,0.0,-2.2001100055002665,6.253524014557378
2024-07-18,18.979,19.229,18.539,19.179,44630.0,855958.7699999999,0.0,-1.9428396134771875,3.7218835967419905
2024-07-19,19.179,21.519,18.949,20.119,86837.0,1747073.603,0.0,4.9011940142864585,13.562720987914911
2024-07-22,19.729,20.099,19.429,19.879,50756.0,1008978.5240000001,0.0,-1.192902231721249,3.4484533429409736
2024-07-23,19.849,20.109,19.279,19.379,41411.0,802503.7690000001,0.0,-2.5152170632325555,4.305202551999595
2024-07-24,18.959,19.629,18.859,18.929,35580.0,673493.82,0.0,-2.3221012436142385,4.082931226470118
2024-07-25,18.829,19.529,18.609,19.229,38429.0,738951.2409999999,0.0,1.5848697765333597,4.943844376377012
2024-07-26,19.469,19.829,19.289,19.629,36937.0,725036.373,0.0,2.080191377606755,2.7995230442220906
2024-07-29,19.389,19.759,19.109,19.519,32500.0,634367.5,0.0,-0.5603953334352374,3.4015385420482414
2024-07-30,19.499,19.869,19.279,19.589,37501.0,734607.0889999999,0.0,0.3586249295558286,3.0603247056382585
2024-07-31,19.609,20.479,19.609,20.309,59605.0,1210517.945,0.0,3.675532186431174,4.436738232444273
2024-08-01,20.189,20.539,20.119,20.139,40712.0,819898.968,0.0,-0.8370673100595916,2.087578905512211
2024-08-02,19.949,20.429,19.659,19.729,43929.0,866675.2409999999,0.0,-2.035850836685038,3.9167811180629717
2024-08-05,19.379,20.219,18.909,18.909,48059.0,908747.6309999999,0.0,-4.156318110395862,6.927917922682333
2024-08-06,19.179,19.789,19.129,19.649,39956.0,785095.444,0.0,3.9134803532709483,3.4502587694077063
2024-08-07,19.709,20.229,19.489,19.629,33245.0,652566.1050000001,0.0,-0.10178635045040574,3.7970137000359094
2024-08-08,19.619,19.849,18.859,19.849,44257.0,878457.193,0.0,1.1207906668704304,5.249483005461575
2024-08-09,19.849,19.859,19.129,19.189,42451.0,814592.2390000001,0.0,-3.325104539271495,3.8161953055570095
2024-08-12,19.009,19.379,18.549,18.949,31816.0,602881.3840000001,0.0,-1.2507165563604095,4.4746347511995355
2024-08-13,18.939,19.079,18.419,18.829,32120.0,604787.48,0.0,-0.6332788009921431,3.583256420001087
2024-08-14,18.829,19.299,18.689,19.069,31705.0,604582.645,0.0,1.2746295607838798,3.2639520573599414
2024-08-15,19.019,19.769,18.639,19.459,41688.0,811206.792,0.0,2.0452042582201457,6.062557004131118
2024-08-16,19.529,19.589,19.219,19.259,26385.0,508148.715,0.0,-1.027802045326065,1.9251782090639338
2024-08-19,19.019,19.369,18.799,18.819,27557.0,518595.18299999996,0.0,-2.2846461394672724,3.0320761742645903
2024-08-20,18.829,20.229,18.449,19.639,90439.0,1776131.521,0.0,4.357298474945526,9.648219415686473
2024-08-21,19.479,20.589,19.369,20.259,103996.0,2106854.964,0.0,3.156983553134074,6.2987247663792605
2024-08-22,19.999,20.439,18.909,18.959,75684.0,1434892.956,0.0,-6.416901130361818,8.091385054735847
2024-08-23,18.829,18.959,17.779,18.349,63324.0,1161932.0760000001,0.0,-3.2174692758056844,6.6370437032454
2024-08-26,18.229,18.449,17.849,18.219,29569.0,538717.611,0.0,-0.7084854760477377,3.3615328589837046
2024-08-27,18.229,18.319,17.409,17.529,38269.0,670817.301,0.0,-3.787255063395367,5.227181342983515
2024-08-28,17.499,17.879,17.129,17.799,28511.0,507467.289,0.0,1.5403046380284113,4.378539319283087
2024-08-29,17.729,18.189,17.539,18.129,31445.0,570066.405,0.0,1.8540367436372884,3.7060265693597043
2024-08-30,18.179,19.119,18.039,18.689,55794.0,1042734.066,0.0,3.0889734679243164,5.98702810577082
2024-09-02,19.039,19.179,17.829,17.829,39351.0,701588.979,0.0,-4.601637326769758,7.571933366986358
2024-09-03,17.839,18.559,17.719,18.209,28019.0,510197.97099999996,0.0,2.1313590218183798,4.7406738529262356
2024-09-04,18.199,18.379,17.979,18.169,23879.0,433857.55100000004,0.0,-0.21967159097149302,2.2248178430391135
2024-09-05,18.429,19.879,18.159,19.249,62298.0,1199174.2019999998,0.0,5.944190654411341,9.47188721845918
2024-09-06,19.129,19.269,18.649,18.719,36953.0,691723.207,0.0,-2.7533897864824075,3.324575044238283
2024-09-09,18.489,18.909,18.239,18.699,23371.0,437014.329,0.0,-0.10684331427960325,3.6734470091561935
2024-09-10,18.629,19.309,18.259,19.219,33677.0,647238.263,0.0,2.780897374191138,5.7505887507530575
2024-09-11,19.139,19.449,19.009,19.339,34935.0,675607.965,0.0,0.6243821218585577,2.3146930401388883
2024-09-12,19.339,19.849,19.049,19.059,39400.0,750924.6000000001,0.0,-1.4478514918041085,4.199695522074654
2024-09-13,19.259,20.489,18.859,19.609,79610.0,1561072.4900000002,0.0,2.8857757489899827,8.64308818070947
2024-09-18,19.529,20.259,18.729,19.919,84569.0,1684529.911,0.0,1.5809067265031285,8.169149447381074
2024-09-19,19.679,20.279,19.459,20.019,81527.0,1632089.0129999998,0.0,0.5020332346001188,4.213988385836889
2024-09-20,19.919,20.929,19.709,20.929,117612.0,2461501.548,0.0,4.545681602477658,6.1900654523314165
2024-09-23,20.929,20.929,20.259,20.619,72930.0,1503743.67,0.0,-1.481198337235412,3.3071721210326186
2024-09-24,20.569,21.089,20.049,20.839,84383.0,1758457.3369999998,0.0,1.0669770599932127,5.187291136715045
2024-09-25,20.879,24.929,20.739,22.699,159410.0,3618447.5900000003,0.0,8.925572244349556,20.203481363614433
2024-09-26,22.359,24.419,22.079,23.699,146857.0,3480364.043,0.0,4.405480417639551,10.59830608270302
2024-09-27,23.889,26.409,23.889,25.579,144479.0,3695628.341,0.0,7.932824169796193,10.548788145171416
2024-09-30,26.619,30.559,26.029,30.299,160212.0,4854263.388,0.0,18.452636928730605,17.403665142725426
2024-10-08,34.199,35.189,28.729,34.979,223059.0,7802380.761,0.0,15.446054325225255,22.485989766438095
2024-10-09,31.929,33.019,28.509,28.559,137374.0,3923264.066,0.0,-18.353869464535855,15.819565751166293
2024-10-10,28.829,29.949,27.129,27.249,91280.0,2487288.7199999997,0.0,-4.586995342974198,10.39478049319916
2024-10-11,26.589,27.189,24.639,25.319,94735.0,2398595.465,0.0,-7.082828727659729,10.34944600024352
2024-10-14,25.699,26.529,25.019,26.479,71186.0,1884934.094,0.0,4.581539555274694,6.035413086054605
2024-10-15,26.429,28.919,25.849,27.239,114299.0,3113390.461,0.0,2.870199025642961,11.876668343069365
2024-10-16,26.429,29.029,26.109,28.129,101133.0,2844770.157,0.0,3.2673739858291473,11.183882952238685
2024-10-17,28.129,29.809,27.939,28.889,123295.0,3561869.255,0.0,2.70183796082335,6.693152940334303
2024-10-18,28.429,30.409,27.779,29.449,122230.0,3599551.27,0.0,1.9384540828689234,9.467583426329238
2024-10-21,29.929,31.629,28.929,30.719,126457.0,3884632.583,0.0,4.312540323949876,9.333195063776843
2024-10-22,30.459,34.899,30.459,32.329,203118.0,6566601.822,0.0,5.241056023959101,14.576972323451201
2024-10-23,31.429,31.429,28.939,29.339,174284.0,5113318.276,0.0,-9.24866219184015,8.604305608348591
2024-10-24,29.079,31.179,29.049,29.699,105390.0,3129977.6100000003,0.0,1.2270356862878806,7.33243829391717
2024-10-25,29.879,31.379,29.779,30.779,104288.0,3209880.352,0.0,3.6364860769722895,5.3729137983142525
2024-10-28,30.799,32.449,30.259,32.129,100693.0,3235165.397,0.0,4.386107410897044,7.2375161109091435
2024-10-29,34.149,34.879,30.179,30.179,192185.0,5799951.114999999,0.0,-6.069283202091569,15.573743331455647
2024-10-30,28.889,29.559,27.979,28.699,115790.0,3323057.21,0.0,-4.90407236820305,5.647092462203802
2024-10-31,28.699,30.259,28.439,29.189,93297.0,2723246.133,0.0,1.7073765636433258,6.3996624353880245
2024-11-01,28.949,29.269,26.809,26.869,86875.0,2334244.375,0.0,-7.948199664257083,9.17602297735834
2024-11-04,26.659,27.849,26.659,27.829,53522.0,1489463.7380000001,0.0,3.5728906918754078,4.463783337709597
2024-11-05,27.779,28.589,27.569,28.329,75228.0,2131134.012,0.0,1.7966869093391846,3.6998077550872344
2024-11-06,28.309,28.749,27.759,28.059,72426.0,2032201.134,0.0,-0.9530869427088806,3.566410893764179
2024-11-07,27.929,28.609,27.599,28.609,57841.0,1654773.169,0.0,1.9601553868634047,3.659552882350815
2024-11-08,29.229,29.729,28.299,28.579,86492.0,2471854.8680000002,0.0,-0.10486210633018356,5.0531820912399725
2024-11-11,28.129,30.429,27.939,30.429,127609.0,3883014.261,0.0,6.4732845795864025,8.91227316654139
2024-11-12,30.179,30.229,28.349,28.759,105189.0,3025130.451,0.0,-5.488185612409213,6.63162721789128
2024-11-13,28.459,31.019,28.459,29.829,116106.0,3463325.8740000003,0.0,3.7205744288744347,8.995396886749354
2024-11-14,29.829,31.029,28.979,29.129,101869.0,2967342.1010000003,0.0,-2.3467095779275193,7.074088132785813
2024-11-15,28.929,30.709,28.749,28.929,118051.0,3415097.3789999997,0.0,-0.6866009818394136,6.817628439250065
2024-11-18,28.929,29.159,25.319,25.929,104670.0,2713988.4299999997,0.0,-10.370216737529814,15.166475769185197
2024-11-19,25.939,26.459,25.479,26.429,63095.0,1667537.755,0.0,1.9283427822129662,3.8463048000314006
2024-11-20,26.359,27.919,26.129,27.539,74251.0,2044798.289,0.0,4.199931892996345,6.850625741513258
2024-11-21,27.529,28.329,26.989,27.729,61726.0,1711600.254,0.0,0.6899306438142183,4.964985734929044
2024-11-22,27.679,29.059,26.869,26.869,82160.0,2207557.04,0.0,-3.101446139420816,8.15065689084075
2024-11-25,27.409,28.039,25.929,27.829,67064.0,1866324.056,0.0,3.5728906918754078,8.13760654093873
2024-11-26,27.959,29.909,27.439,28.219,97500.0,2751352.5,0.0,1.4014157892845658,9.001785779365132
2024-11-27,28.759,31.309,27.639,31.279,219146.0,6854667.734,0.0,10.843757751869298,13.278338579543405
2024-11-28,30.659,33.429,29.919,30.149,214879.0,6478386.971,0.0,-3.612647463154195,11.731675523914573
2024-11-29,30.059,30.329,28.829,29.669,139643.0,4143068.167,0.0,-1.5920926067199637,5.2030941066287415
2024-12-02,29.509,30.369,29.499,29.839,104390.0,3114893.21,0.0,0.5729886413428087,2.949252517034479
2024-12-03,29.709,30.379,29.149,29.539,89200.0,2634878.8000000003,0.0,-1.0053956231777073,4.219698788980756
2024-12-04,29.089,29.379,27.729,28.119,90937.0,2557057.503,0.0,-4.807204035343116,5.9504489884236795
2024-12-05,28.229,29.899,28.229,29.799,115320.0,3436420.68,0.0,5.97460791635549,5.91590208650679
2024-12-06,30.429,31.429,29.879,31.029,157610.0,4890480.69,0.0,4.127655290445986,5.187589946115991
2024-12-09,31.269,31.879,30.239,30.859,110564.0,3411894.4760000003,0.0,-0.5478745689516229,5.423459770495058
2024-12-10,31.629,32.319,30.429,31.739,147053.0,4667315.167,0.0,2.8516802229495486,6.211180124223616
2024-12-11,31.929,32.829,31.309,32.229,131816.0,4248297.864,0.0,1.5438419609943521,4.854834073269665
2024-12-12,32.219,32.729,30.989,31.479,104343.0,3284613.297,0.0,-2.3270967141394427,5.614895608119005
2024-12-13,30.949,33.109,30.809,31.929,178578.0,5701816.961999999,0.0,1.4295244448680133,7.46535103378883
2024-12-16,32.119,32.889,30.929,31.739,135194.0,4290922.366,0.0,-0.595070312255308,6.337094636102054
2024-12-17,31.279,31.399,28.729,28.989,127752.0,3703402.728,0.0,-8.664419168845894,9.293744996345163
2024-12-18,28.989,29.419,27.649,28.879,74451.0,2150070.429,0.0,-0.37945427575977186,6.401678180042676
2024-12-19,28.399,29.869,27.749,29.479,72118.0,2125966.522,0.0,2.0776342671145143,7.6399149518901615
2024-12-20,29.479,30.079,29.129,29.479,57943.0,1708101.697,0.0,0.0,3.2613546637371664
2024-12-23,29.209,29.489,26.579,26.699,87232.0,2329007.168,0.0,-9.43044200956612,10.948493171300651
2024-12-24,27.019,27.889,26.329,27.709,62295.0,1726132.155,0.0,3.7829132177235048,5.9250256371301555
2024-12-25,27.409,27.549,26.039,26.639,58839.0,1567412.121,0.0,-3.8615612255945786,5.798993816966849
2024-12-26,26.739,27.249,26.559,26.859,36295.0,974847.405,0.0,0.8258568264574606,2.5979893821303426
2024-12-27,26.859,27.419,26.559,26.809,46342.0,1242382.678,0.0,-0.18615734018392338,3.238073722655218
2024-12-30,26.669,26.869,25.629,26.529,34794.0,923050.026,0.0,-1.0444253795367286,4.838269148230514
2024-12-31,26.629,26.759,25.329,25.369,40607.0,1030158.983,0.0,-4.372573410230318,5.645702554384301
2025-01-02,25.369,26.829,24.939,25.459,67310.0,1713645.29,0.0,0.3547636879656313,7.5784915193071125
2025-01-03,25.529,25.879,23.479,23.629,62039.0,1465919.5310000002,0.0,-7.1880278094190615,10.221900421653402
2025-01-06,23.639,23.889,22.219,23.039,48040.0,1106793.56,0.0,-2.4969317364255783,7.51608983302578
2025-01-07,23.039,23.659,22.949,23.629,38486.0,909385.694,0.0,2.5608750379790823,3.093816724040251
2025-01-08,23.419,24.789,23.239,24.089,71147.0,1713860.0829999999,0.0,1.946760336874176,6.669822281509534
2025-01-09,24.119,24.729,23.609,24.299,42608.0,1035331.792,0.0,0.8717671966457674,4.7439535770256995
2025-01-10,24.169,24.619,23.059,23.089,44167.0,1019771.8629999999,0.0,-4.979628791308288,6.7652543475432525
2025-01-13,22.929,23.089,22.039,22.889,37191.0,851264.799,0.0,-0.8662133483476997,4.76428150097553
2025-01-14,23.329,25.149,23.209,24.949,88470.0,2207238.0300000003,0.0,8.9999563108917,8.358826317376886
2025-01-15,25.049,25.939,24.949,25.429,119139.0,3029585.631,0.0,1.9239248066054593,3.968094913623786
2025-01-16,25.249,26.429,25.029,25.439,98975.0,2517825.025,0.0,0.03932517991269702,5.593511526629104
2025-01-17,25.429,25.669,24.609,24.779,57282.0,1419390.678,0.0,-2.5944416054090147,4.307367223373557
2025-01-20,25.049,25.899,24.839,25.529,68496.0,1748634.384,0.0,3.0267565277049213,4.2674825878658655
2025-01-21,25.729,25.849,24.909,25.469,47830.0,1218182.27,0.0,-0.23502683223001197,3.773736400497817
2025-01-22,25.339,25.429,24.789,25.129,31987.0,803801.3230000001,0.0,-1.3349562212886301,2.5817903102182296
2025-01-23,25.309,26.199,25.309,25.459,66095.0,1682712.605,0.0,1.3132237653706857,3.5165356197400155
2025-01-24,25.479,26.679,25.079,26.479,68698.0,1819054.342,0.0,4.006441729840127,6.379839706527365
2025-01-27,27.159,27.389,26.209,26.209,60456.0,1584491.304,0.0,-1.0196759696363134,4.502270212522415
2025-02-05,27.039,28.859,26.879,28.559,147922.0,4224504.398,0.0,8.966385592735326,7.366345474161987
2025-02-06,28.029,28.829,27.359,28.759,119773.0,3444551.707,0.0,0.7003046325151363,5.373003399247044
2025-02-07,28.429,29.269,27.909,28.409,112955.0,3208938.5949999997,0.0,-1.2170103272019284,4.8729800422802665
2025-02-10,28.749,31.809,28.479,30.739,167294.0,5142450.266,0.0,8.201626245203997,11.692826293058049
2025-02-11,30.919,32.399,29.739,31.729,179058.0,5681331.282,0.0,3.2206643026773785,8.944483674636
2025-02-12,32.469,35.179,32.299,33.329,243501.0,8115644.829,0.0,5.042705411453241,8.916684727081343
2025-02-13,34.049,34.969,32.979,33.549,205431.0,6892004.619,0.0,0.660085811155442,6.034142939446321
2025-02-14,33.879,34.479,32.429,34.019,151418.0,5151088.942,0.0,1.4009359444394631,6.321502358999652
2025-02-17,34.029,34.319,31.709,32.209,137708.0,4435436.972,0.0,-5.320556159793044,8.231101579993073
2025-02-18,32.049,32.429,30.229,30.429,86892.0,2644036.668,0.0,-5.526405663013456,7.277779615600923
2025-02-19,30.029,31.089,30.029,30.619,74711.0,2287576.109,0.0,0.6244043511124397,3.5299210762929127
2025-02-20,30.619,30.929,30.059,30.549,64398.0,1967294.5019999999,0.0,-0.2286162186877383,2.8943078612062854
2025-02-21,30.769,31.339,30.259,31.109,80527.0,2505114.443,0.0,1.8331205604111611,3.5691860272976577
2025-02-24,30.969,32.479,30.739,31.449,85813.0,2698733.037,0.0,1.0929313060529022,5.6605615016753905
2025-02-25,30.809,31.569,30.029,30.939,55816.0,1726891.224,0.0,-1.6216731851569244,5.12837590329348
2025-02-26,31.199,31.289,29.729,30.139,58669.0,1768224.991,0.0,-2.585733216975339,5.2474015271284005
2025-02-27,30.139,30.479,28.329,28.719,109012.0,3130715.628,0.0,-4.711503367729519,7.589396025274449
2025-02-28,28.639,28.719,26.869,27.029,87579.0,2367172.791,0.0,-5.884606009958571,6.885258104134882
2025-03-03,27.289,28.779,26.699,27.829,76056.0,2116562.424,0.0,2.9597839357726974,7.790553953331579
2025-03-04,27.469,29.099,27.469,28.339,51583.0,1461810.6369999999,0.0,1.832620647525962,5.933961920710615
2025-03-05,28.809,28.809,27.829,28.299,39277.0,1111499.823,0.0,-0.14114824094004774,3.521506342304791
2025-03-06,28.729,31.309,28.479,30.429,101408.0,3085744.0319999997,0.0,7.526767730308492,9.93714666947576
2025-03-07,30.419,30.699,29.529,29.779,48496.0,1444162.384,0.0,-2.1361201485425085,3.9622066443157635
2025-03-10,29.639,30.079,29.189,29.439,34141.0,1005076.899,0.0,-1.1417441821417795,3.049093836719314
2025-03-11,29.119,30.129,28.959,30.009,49848.0,1495888.632,0.0,1.936207072251106,4.040194758106294
2025-03-12,30.249,30.269,29.629,29.629,42533.0,1260210.257,0.0,-1.2662867806324751,2.1600459009753856
2025-03-13,29.559,29.559,28.149,28.659,44750.0,1282490.25,0.0,-3.2738195686658367,5.009058936374294
2025-03-14,28.629,30.659,28.409,30.459,86163.0,2624438.817,0.0,6.280749502773997,7.920025344081101
2025-03-17,30.509,31.059,29.639,30.459,69517.0,2117418.303,0.0,0.0,4.790984851040864
2025-03-18,30.459,30.649,29.979,30.329,35213.0,1067975.077,0.0,-0.4268032437046543,2.2348977617665757
2025-03-19,30.179,30.329,29.329,29.999,37710.0,1131262.29,0.0,-1.0880675261301098,3.4095945992021552
2025-03-20,29.709,30.379,29.429,29.549,45631.0,1348350.419,0.0,-1.5000500016667195,3.2281083285194976
2025-03-21,29.429,29.879,28.829,28.949,38492.0,1114304.908,0.0,-2.0305255677011025,3.6421658746401215
2025-03-24,28.929,30.529,28.059,29.449,117750.0,3467619.75,0.0,1.727175377387824,8.802879646459242
2025-03-25,28.949,30.109,28.139,28.669,94197.0,2700533.793,0.0,-2.648646813134581,7.000959522371095
2025-03-26,28.429,29.109,28.239,28.279,50087.0,1416410.273,0.0,-1.3603543897589776,3.0808456390098833
2025-03-27,28.279,28.629,27.429,27.779,39415.0,1094909.285,0.0,-1.7680964673432609,4.374931641693109
2025-03-28,28.109,33.349,27.919,33.349,256242.0,8545414.457999999,0.0,20.05111775081896,19.449120670511107
2025-03-31,33.849,35.689,31.429,34.739,300257.0,10430627.922999999,0.0,4.168041020720259,13.554360622355155
2025-04-01,34.919,35.529,32.389,32.629,235960.0,7699138.84,0.0,-6.0738651083796285,9.69464941801229
2025-04-02,32.639,34.869,32.539,32.629,196119.0,6399166.851,0.0,0.0,7.160638003626412
2025-04-03,32.549,35.499,31.629,34.569,250175.0,8648299.575000001,0.0,5.945631186980926,12.2356065635967
2025-04-07,31.229,31.919,28.409,30.609,195857.0,5994986.913000001,0.0,-11.455350169226763,12.355239536766524
2025-04-08,31.219,34.259,30.639,33.759,187112.0,6316714.008,0.0,10.291090855630692,11.815007017200303
2025-04-09,32.929,36.629,30.239,35.879,203617.0,7305574.342999999,0.0,6.279806866317128,21.13165117894109
2025-04-10,35.819,39.929,35.099,38.349,213663.0,8193762.386999999,0.0,6.8842498397391205,13.761075814125775
2025-04-11,39.899,40.329,35.929,36.259,174567.0,6329624.853,0.0,-5.449946543586526,12.246374794734054
2025-04-14,36.849,38.129,35.939,36.909,126328.0,4662640.152,0.0,1.7926583744725333,6.0936586994629725
2025-04-15,36.509,38.709,35.809,36.939,121488.0,4487645.232,0.0,0.08128098837683062,8.098522717752536
2025-04-16,36.519,39.529,36.289,37.979,148161.0,5627006.619,0.0,2.81545250277484,8.928325387858585
2025-04-17,36.179,38.909,34.829,37.439,193637.0,7249575.643,0.0,-1.4218383843703108,11.714375951075247
2025-04-18,36.529,36.799,33.939,34.329,131725.0,4521987.525,0.0,-8.306845802505403,8.426883526326643
2025-04-21,34.709,36.609,34.209,35.009,166412.0,5825917.708,0.0,1.9808325322613562,7.015697623432425
2025-04-22,35.149,35.409,33.949,34.279,105242.0,3607590.518,0.0,-2.085178097060747,4.300568499808539
2025-04-23,34.589,35.019,33.929,34.109,86635.0,2955033.2150000003,0.0,-0.4959304530470554,3.21259099885053
2025-04-24,34.029,34.429,32.779,32.849,78671.0,2584263.6789999995,0.0,-3.694039696267859,5.0337106074010745
2025-04-25,32.989,33.319,32.049,32.149,67836.0,2180859.5640000002,0.0,-2.130962890803356,3.962682142968589
2025-04-28,32.429,34.049,32.429,32.529,130919.0,4258664.151000001,0.0,1.1819963295903513,4.995528693453382
2025-04-29,32.789,34.279,32.159,33.559,103786.0,3482954.374,0.0,3.1664053613698284,6.592244783730853
2025-04-30,33.559,35.879,33.559,34.959,120688.0,4219131.792,0.0,4.171757203730753,6.9131976518966605
2025-05-06,35.309,37.729,34.739,36.989,116953.0,4325974.517,0.0,5.806802254069043,8.607041077751237
2025-05-07,37.039,37.179,35.939,36.439,88971.0,3242014.269,0.0,-1.486928546324573,3.450290770472195
2025-05-08,36.229,36.519,35.729,36.159,66178.0,2392930.302,0.0,-0.7684074755070158,2.2110890313190943
2025-05-09,36.219,36.319,35.079,35.349,54835.0,1938362.4149999998,0.0,-2.2401061976271563,3.534878417286701
2025-05-12,35.619,35.889,35.089,35.709,47972.0,1713032.148,0.0,1.0184163625562404,2.2799167830374314
2025-05-13,35.929,35.929,34.809,35.409,47458.0,1680440.322,0.0,-0.8401243384020929,3.2175586773535714
2025-05-14,35.429,35.979,34.679,35.039,52286.0,1832049.154,0.0,-1.0449320794148287,3.748666339859849
2025-05-15,34.609,34.849,33.629,33.949,56375.0,1913874.875,0.0,-3.110819372699003,3.627821225727791
2025-05-16,33.559,34.329,33.359,33.959,35485.0,1205035.1150000002,0.0,0.0294559486288426,2.9077610240115077
2025-05-19,33.969,34.519,33.489,33.899,36115.0,1224262.385,0.0,-0.17668364792838842,3.0756367762548935
2025-05-20,33.899,37.259,33.429,35.929,121124.0,4351864.196,0.0,5.988377238266618,11.457118071135834
2025-05-21,35.919,36.429,35.229,35.929,64144.0,2304629.776,0.0,0.0,3.406284595077927
2025-05-22,35.709,36.879,35.529,36.169,109396.0,3956743.9239999996,0.0,0.6679840797127579,3.7997129105800735
2025-05-23,36.109,36.509,34.629,35.609,90978.0,3239635.602,0.0,-1.5482872072769327,5.428975713996946
2025-05-26,36.219,37.079,35.509,36.519,80082.0,2924514.5579999997,0.0,2.5555337133870593,4.4214142893350985
2025-05-27,36.599,36.599,35.329,35.639,61584.0,2194792.176,0.0,-2.409704537364099,3.5947804919471147
2025-05-28,35.539,36.029,34.839,35.729,62062.0,2217413.198,0.0,0.2525323381688427,3.415712276471784
2025-05-29,36.002,38.162,35.662,37.862,103277.0,3910273.774,0.0,5.969940384561578,7.010263025068701
2025-05-30,37.842,38.022,35.482,35.482,87520.0,3105384.64,0.0,-6.285985948972595,7.1585592694887525
2025-06-03,35.222,37.152,35.222,36.332,78098.0,2837456.536,0.0,2.395580857899793,5.479529839304979
2025-06-04,36.542,37.312,36.292,37.012,64353.0,2381833.236,0.0,1.8716283166354764,2.8105367574120907
2025-06-05,37.352,37.972,36.802,37.392,75150.0,2810008.8000000003,0.0,1.0266940451745477,3.1791750448345244
2025-06-06,37.062,37.482,36.482,36.882,54562.0,2012355.684,0.0,-1.3639281129653513,2.741077791787731
2025-06-09,36.902,37.962,36.792,37.382,65880.0,2462726.1599999997,0.0,1.35567485494279,3.180039138943253
2025-06-10,37.182,42.162,37.092,41.082,151550.0,6225977.100000001,0.0,9.89781178107112,13.668715626011002
2025-06-11,40.592,41.982,39.962,40.922,116182.0,4754399.804,0.0,-0.3894649724940469,5.05480206195885
2025-06-12,40.512,44.482,40.512,43.172,141220.0,6096749.84,0.0,5.498264991935886,9.799565560821483
2025-06-13,43.622,43.852,40.072,40.982,122090.0,5003492.38,0.0,-5.072732326507912,9.43302056298661
2025-06-16,40.322,42.762,40.272,41.882,104380.0,4371643.16,0.0,2.1960860865746,6.182955899880815
2025-06-17,41.582,42.042,40.602,40.952,80064.0,3278780.928,0.0,-2.2205243302612088,3.546623319048335
2025-06-18,40.772,41.272,40.022,40.722,50080.0,2039357.76,0.0,-0.5616331314709844,3.1232821947928637
2025-06-19,40.192,40.562,38.782,39.442,69689.0,2748673.538,0.0,-3.143264083296504,4.589758135217372
2025-06-20,39.632,39.862,38.482,38.972,47570.0,1853898.04,0.0,-1.1916231428426571,3.586092198950165
2025-06-23,38.982,40.162,38.642,39.392,49543.0,1951597.8560000001,0.0,1.077696807964701,3.9335438124320583
2025-06-24,39.632,40.762,39.292,40.142,50671.0,2034035.2820000001,0.0,1.903939886271333,3.741219586684309
2025-06-25,39.932,40.482,39.482,40.182,43800.0,1759971.6,0.0,0.09964625579192976,2.5327997568512237
2025-06-26,39.992,41.162,39.232,40.782,68354.0,2787612.8279999997,0.0,1.4932059130954078,4.919453507340946
2025-06-27,40.642,41.112,39.902,40.962,51890.0,2125518.18,0.0,0.4413711931734676,3.0324294521577886
2025-06-30,40.962,41.362,40.612,40.782,41568.0,1695226.1759999997,0.0,-0.43943166837558945,1.846744804491283
2025-07-01,40.632,40.632,39.312,39.982,50398.0,2015012.836,0.0,-1.9616497474375882,3.357753357753359
2025-07-02,39.902,40.142,39.442,39.982,27790.0,1111099.78,0.0,0.0,1.774757872318855
2025-07-03,39.862,41.482,39.312,41.032,48338.0,1983404.8159999999,0.0,2.6261817818018063,5.519943019943025
2025-07-04,41.032,41.342,40.432,40.712,42472.0,1729120.0640000002,0.0,-0.7798791187365817,2.2506925207756145
2025-07-07,40.712,41.962,39.802,41.762,40520.0,1692196.24,0.0,2.579092159559826,5.426862971709974
2025-07-08,41.492,42.132,41.492,41.732,29771.0,1242403.372,0.0,-0.07183564005555088,1.5424660175455525
2025-07-09,41.742,45.172,41.742,43.522,83516.0,3634783.352,0.0,4.289274417713029,8.217143404724258
2025-07-10,42.982,44.092,42.652,43.852,44517.0,1952159.484,0.0,0.7582372133633442,3.3761605551908414
2025-07-11,43.832,45.962,43.602,45.472,63798.0,2901022.656,0.0,3.6942442762017746,5.412595752488433
2025-07-14,45.302,45.472,44.152,44.932,36803.0,1653632.3960000002,0.0,-1.187543983110484,2.9896720420366014
2025-07-15,44.692,45.362,43.662,44.342,40258.0,1785120.236,0.0,-1.3130953440754989,3.8935458751317
2025-07-16,44.302,46.662,44.252,46.112,52032.0,2399299.5840000003,0.0,3.9917008705065316,5.446081533038047
2025-07-17,45.852,47.672,45.812,47.282,41482.0,1961351.9239999999,0.0,2.5373004857737635,4.060071596961494
2025-07-18,47.282,47.632,46.632,46.902,36893.0,1730355.486,0.0,-0.8036885072543409,2.1444501629782122
2025-07-21,47.462,48.822,45.682,46.642,53808.0,2509712.736,0.0,-0.5543473625858164,6.873604483166237
2025-07-22,46.232,47.072,45.982,47.012,30621.0,1439554.452,0.0,0.7932764461215269,2.370492801531041
2025-07-23,46.792,47.482,46.282,46.862,26241.0,1229705.742,0.0,-0.3190674721347708,2.5928006568428397
2025-07-24,46.642,47.342,46.642,46.942,24522.0,1151111.724,0.0,0.17071401135246855,1.5007932764461123
2025-07-25,46.622,49.642,46.592,48.942,53751.0,2630681.442,0.0,4.260576882109834,6.546188186813195
2025-07-28,48.872,51.982,47.682,51.232,52129.0,2670672.928,0.0,4.6790078051571315,9.0180781007508
2025-07-29,52.472,52.972,50.682,52.202,52312.0,2730791.0239999997,0.0,1.8933479075577742,4.518369440827116
2025-07-30,51.792,52.762,51.062,51.732,46308.0,2395605.456,0.0,-0.9003486456457543,3.329285966080457
2025-07-31,51.212,55.862,51.212,54.392,60430.0,3286908.56,0.0,5.141885100131449,9.079903147699754
2025-08-01,54.442,65.062,54.102,63.322,115888.0,7338259.936000001,0.0,16.417855566995154,20.258031126390893
2025-08-04,62.242,64.812,60.402,64.332,84269.0,5421193.307999999,0.0,1.5950222671425207,7.301082745604444
2025-08-05,63.492,68.462,62.882,66.532,81614.0,5429942.648,0.0,3.4197599950258173,8.873763557138776
2025-08-06,66.482,66.482,62.552,64.332,76494.0,4921012.007999999,0.0,-3.3066794925750043,6.282772733086071
2025-08-07,63.692,65.282,63.092,63.382,52366.0,3319061.812,0.0,-1.4767145433065898,3.4711215368033947
2025-08-08,64.482,64.582,61.662,63.562,44450.0,2825330.9,0.0,0.2839923006531908,4.735493496805155
2025-08-11,63.662,66.082,62.742,65.362,50095.0,3274309.3899999997,0.0,2.8318806834271903,5.323387842274706
2025-08-12,65.372,69.682,64.972,67.682,55586.0,3762171.6520000002,0.0,3.54946299072858,7.249276611463412
2025-08-13,67.022,68.182,65.982,67.752,50538.0,3424050.576,0.0,0.10342483969147942,3.33424267224395
2025-08-14,67.022,69.742,60.882,61.232,111427.0,6822898.064,0.0,-9.623332152556374,14.552741368549007
2025-08-15,61.282,62.782,60.042,62.582,77317.0,4838652.494,0.0,2.2047295531748112,4.563472236101386
2025-08-18,61.972,66.772,61.972,65.682,61851.0,4062497.382,0.0,4.9535010066792395,7.745433421545221
2025-08-19,65.492,67.262,63.982,66.312,46533.0,3085696.296,0.0,0.9591668950397203,5.126441811759559
2025-08-20,66.312,67.902,65.232,66.552,39875.0,2653761.0000000005,0.0,0.3619254433586905,4.093083149374543
2025-08-21,66.982,77.482,66.882,74.122,126292.0,9361015.624,0.0,11.374564250510865,15.848808349032614
2025-08-22,72.792,79.642,71.572,78.102,102075.0,7972261.65,0.0,5.3695259167318765,11.27535907896942
2025-08-25,76.352,79.972,74.312,78.922,79145.0,6246281.6899999995,0.0,1.0499090932370336,7.6165356873721555
2025-08-26,78.932,81.162,75.862,76.472,59867.0,4578149.223999999,0.0,-3.104330858315807,6.986369987609095
2025-08-27,75.102,77.132,73.012,75.982,63399.0,4817182.818,0.0,-0.6407574014018147,5.642908015120808
2025-08-28,75.602,76.762,74.482,76.762,41073.0,3152845.626,0.0,1.0265589218499072,3.0611422894122087
2025-08-29,77.182,78.072,75.832,77.192,31956.0,2466747.5519999997,0.0,0.5601730022667395,2.9538980905158896
2025-09-01,77.282,84.852,76.782,83.152,71542.0,5948860.384,0.0,7.721007358275478,10.510275845901393
2025-09-02,83.112,84.472,81.422,82.332,53196.0,4379733.072,0.0,-0.9861458533769518,3.745916337107904
2025-09-03,82.742,85.972,80.932,83.862,55821.0,4681260.702,0.0,1.8583296895496204,6.227450205110453
2025-09-04,83.862,84.532,75.782,80.922,78722.0,6370341.683999999,0.0,-3.5057594619732346,11.546277480140404
2025-09-05,80.692,84.532,79.092,84.322,52566.0,4432470.252,0.0,4.201576827068054,6.87806604966368
2025-09-08,83.782,83.972,77.582,81.762,58342.0,4770158.604,0.0,-3.0359811199924147,8.236446598437782
2025-09-09,81.982,82.522,75.982,77.412,56321.0,4359921.252,0.0,-5.320319953034414,8.607301729356962
2025-09-10,78.382,79.282,73.682,76.592,59709.0,4573231.728,0.0,-1.059267297059896,7.600228006840197
2025-09-11,75.532,79.482,73.352,79.352,49322.0,3913799.344,0.0,3.6035095049091304,8.356963681971855
2025-09-12,79.352,79.542,77.192,78.112,35875.0,2802268.0,0.0,-1.562657525960287,3.044356928179097
2025-09-15,78.762,78.762,67.542,67.892,138936.0,9432642.911999999,0.0,-13.083777140516183,16.6118859376388
2025-09-16,68.892,70.952,67.472,69.922,72195.0,5048018.79,0.0,2.9900430094856656,5.1576950438700555
2025-09-17,69.682,69.932,67.692,68.782,59493.0,4092047.5259999996,0.0,-1.6303881467921388,3.309105950481607
2025-09-18,68.532,70.532,67.002,67.932,58166.0,3951332.7120000003,0.0,-1.2357884330202573,5.26849944777768
2025-09-19,67.932,72.482,67.482,69.982,60585.0,4239859.47,0.0,3.0177236059588886,7.4093832429388575
2025-09-22,70.032,83.972,69.072,83.972,135391.0,11369053.052,0.0,19.990854791232017,21.57169330553624
2025-09-23,83.672,92.752,80.862,90.742,149064.0,13526365.488,0.0,8.062211213261584,14.704063713487178
2025-09-24,91.482,97.482,91.112,93.412,141220.0,13191642.64,0.0,2.9424081461726592,6.991395205900436
2025-09-25,90.762,94.632,87.982,91.862,134518.0,12357092.515999999,0.0,-1.659315719607768,7.55836421086132
2025-09-26,93.842,94.582,76.422,79.082,179629.0,14205420.578,0.0,-13.912172606736195,23.76279081939755
2025-09-29,74.982,78.472,71.912,76.472,107940.0,8254387.68,0.0,-3.30037176601502,9.12226054066079
2025-09-30,78.482,78.562,72.542,76.482,105904.0,8099749.728,0.0,0.013076681661261524,8.298640787405912
2025-10-09,61.182,61.182,61.182,61.182,10255.0,627421.41,0.0,-20.00470698987997,0.0
2025-10-10,48.942,52.322,48.942,49.442,311841.0,15418042.722,0.0,-19.188650256611428,6.906133791017945
2025-10-13,45.992,48.462,45.992,47.982,155225.0,7448005.95,0.0,-2.952954977549449,5.370499217255189
2025-10-14,48.152,48.372,45.262,45.682,162992.0,7445800.544000001,0.0,-4.7934642157475675,6.871106005037336
2025-10-15,45.682,46.182,44.802,46.182,99807.0,4609286.874,0.0,1.0945230068736045,3.080219633052102
2025-10-16,45.922,46.122,45.122,45.402,79393.0,3604600.986,0.0,-1.688969728465639,2.2162138203093833
2025-10-17,45.262,46.172,44.762,44.832,85099.0,3815158.3680000002,0.0,-1.2554513017047686,3.1499932978865925
2025-10-20,45.402,45.432,44.362,45.152,76803.0,3467809.056,0.0,0.7137758743754441,2.411974212163564
2025-10-21,44.742,45.392,44.482,45.032,76822.0,3459448.3039999995,0.0,-0.265768958185697,2.0457713232318775
2025-10-22,44.682,46.282,44.552,45.422,92364.0,4195357.608,0.0,0.8660508083140783,3.8831028910037637
2025-10-23,45.332,47.662,44.782,47.382,168386.0,7978465.452,0.0,4.315089604156586,6.4311553749274335
2025-10-24,46.852,46.872,45.612,45.812,119427.0,5471189.723999999,0.0,-3.3134945759993206,2.7624309392265145
2025-10-27,45.812,45.812,44.012,44.162,121845.0,5380918.89,0.0,-3.601676416659383,4.089793692629277
2025-10-28,44.162,44.652,43.842,44.522,84837.0,3777112.914,0.0,0.8151804718989242,1.847543451484883
2025-10-29,44.382,44.382,43.342,43.962,89656.0,3941457.072,0.0,-1.2578051300480508,2.399520095980802
2025-10-30,43.692,43.962,42.832,43.062,68690.0,2957928.78,0.0,-2.0472226013375283,2.638214419125893
2025-10-31,43.102,44.892,43.092,44.202,110579.0,4887812.958,0.0,2.6473456876132007,4.177109440267345
2025-11-03,44.782,45.532,44.422,45.002,112885.0,5080050.7700000005,0.0,1.8098728564318378,2.4987618747467457
2025-11-04,44.872,45.322,44.162,44.682,83147.0,3715174.254,0.0,-0.711079507577439,2.6266926316742985
2025-11-05,44.272,45.562,43.992,44.992,87426.0,3933470.5919999997,0.0,0.6937916834519386,3.568830696490272
2025-11-06,44.992,45.132,43.982,43.982,77418.0,3404998.476,0.0,-2.2448435277382606,2.6147060160974913
2025-11-07,43.642,44.012,42.942,43.002,58403.0,2511445.8060000003,0.0,-2.2281842571961197,2.4917330352568587
2025-11-10,43.082,43.742,43.052,43.462,51181.0,2224428.622,0.0,1.0697176875494208,1.6027129982346875
2025-11-11,43.482,44.482,43.072,43.702,74090.0,3237881.1799999997,0.0,0.5522065252404174,3.273588410104004
2025-11-12,43.442,43.832,42.392,42.852,62214.0,2665994.3279999997,0.0,-1.944991075923297,3.3968673334591375
2025-11-13,42.782,43.122,42.462,43.122,44225.0,1907070.45,0.0,0.6300756090730886,1.5543309311855225
2025-11-14,42.692,43.082,42.112,42.112,41738.0,1757670.6560000002,0.0,-2.3421919205973696,2.3033814589665624
2025-11-17,42.112,42.752,42.032,42.492,38193.0,1622896.956,0.0,0.9023556231003038,1.7129805862200371
2025-11-18,42.282,43.482,42.182,42.842,72329.0,3098719.0179999997,0.0,0.8236844582509617,3.0818832677445287
2025-11-19,42.732,42.872,41.182,41.252,73479.0,3031155.708,0.0,-3.711311330003264,4.103734641348156
2025-11-20,41.552,41.652,40.792,40.812,39811.0,1624766.532,0.0,-1.0666149520023427,2.1082565208864468
2025-11-21,40.202,41.552,39.732,40.212,62280.0,2504403.3600000003,0.0,-1.4701558365186607,4.580690627202256
2025-11-24,40.412,41.922,39.932,41.602,67518.0,2808883.8359999997,0.0,3.456679598129897,4.983471902233784
2025-11-25,41.582,43.162,41.582,42.382,84567.0,3584118.594,0.0,1.8749098601028802,3.7997210331393347
2025-11-26,42.312,42.782,41.582,41.732,47506.0,1982520.392,0.0,-1.533669954225847,2.8858640758020195
2025-11-27,41.562,41.732,40.982,41.132,36900.0,1517770.7999999998,0.0,-1.4377456148758738,1.8300717388121617
2025-11-28,41.152,42.222,40.962,41.812,54824.0,2292301.088,0.0,1.6532140425945752,3.0760216786289685
2025-12-01,42.232,42.702,41.502,41.712,45676.0,1905237.3120000002,0.0,-0.23916578972542624,2.891426919184607
2025-12-02,41.622,41.712,41.042,41.262,31980.0,1319558.76,0.0,-1.0788262370540869,1.632474050972179
2025-12-03,40.832,41.692,39.302,39.662,65384.0,2593260.208,0.0,-3.8776598322912137,6.081115464861841
2025-12-04,39.662,39.862,38.762,39.082,44071.0,1722382.822,0.0,-1.4623569159396888,2.837830865280433
2025-12-05,38.982,39.382,38.532,39.342,31455.0,1237502.6099999999,0.0,0.6652678982651761,2.205958683691481
2025-12-08,39.332,40.072,39.092,39.732,32222.0,1280244.504,0.0,0.9913070001525082,2.506906783996736
2025-12-09,39.632,40.062,39.282,39.332,25976.0,1021688.032,0.0,-1.0067451927917026,1.9856422789063723
2025-12-10,39.192,39.512,38.872,39.332,27911.0,1097795.452,0.0,0.0,1.646429306441656
2025-12-11,39.202,39.342,37.982,38.162,46011.0,1755871.782,0.0,-2.9746771076985756,3.5806434626928527
2025-12-12,38.112,38.422,37.882,37.912,27530.0,1043717.36,0.0,-0.6551019338609132,1.425479119370675
2025-12-15,37.602,38.022,37.352,37.632,29217.0,1099494.1439999999,0.0,-0.7385524372230501,1.7937459841507866
2025-12-16,37.352,37.552,36.642,36.882,32404.0,1195124.328,0.0,-1.992984693877553,2.4834888925276912
2025-12-17,36.882,37.442,36.522,37.422,30571.0,1144027.9619999998,0.0,1.4641288433382194,2.5190296259788667
2025-12-18,37.152,38.152,37.142,37.482,32580.0,1221163.56,0.0,0.16033349366684213,2.719293522158198
2025-12-19,37.562,38.732,37.342,38.652,45281.0,1750201.212,0.0,3.1214983191932166,3.722350168710837
2025-12-22,38.632,38.732,38.142,38.282,29869.0,1143445.058,0.0,-0.9572596502121611,1.546851240102764
2025-12-23,38.382,38.382,37.892,38.052,28107.0,1069527.564,0.0,-0.6008045556658348,1.2931489496463497
2025-12-24,38.052,38.332,37.842,38.322,20286.0,777400.0920000001,0.0,0.7095553453169368,1.2948575656677819
2025-12-25,38.382,38.772,38.012,38.602,27298.0,1053757.396,0.0,0.7306508011063917,1.9993686204356467
2025-12-26,38.562,39.032,38.232,38.682,31824.0,1231015.968,0.0,0.20724314802342825,2.0924879681941753
2025-12-29,38.882,38.962,38.302,38.582,25045.0,966286.1900000001,0.0,-0.25851817382762654,1.723147616312474
2025-12-30,38.412,39.332,38.142,38.152,41352.0,1577661.504,0.0,-1.114509356694826,3.119920297834402
2025-12-31,38.752,38.872,38.082,38.172,43145.0,1646930.94,0.0,0.052421891381837504,2.0744708786303216
2026-01-05,38.372,39.652,38.212,39.482,60169.0,2375592.458,0.0,3.4318348527716758,3.7684497016643927
2026-01-06,39.482,39.822,39.062,39.262,47208.0,1853480.496,0.0,-0.5572159465072613,1.9456249039987845
2026-01-07,39.292,39.642,38.932,39.172,38369.0,1502990.4679999999,0.0,-0.22922928022006683,1.8236925922120641
2026-01-08,39.012,40.942,38.882,40.162,77563.0,3115085.206,0.0,2.527315429388355,5.2980813744149025
2026-01-09,40.122,42.282,40.002,41.892,115193.0,4825665.156,0.0,4.307554404661129,5.699715014249272
2026-01-12,42.552,47.672,42.472,46.232,288146.0,13321565.872,0.0,10.35997326458511,12.243360331512514
2026-01-13,47.002,47.482,44.082,44.192,203021.0,8971904.032,0.0,-4.412528119051739,7.712898688807219
2026-01-14,43.892,48.292,43.642,45.652,228876.0,10448647.152,0.0,3.303765387400426,10.65487374547454
2026-01-15,45.282,45.392,43.262,44.072,121040.0,5334474.88,0.0,-3.4609655655831073,4.923489436456943
2026-01-16,43.762,43.912,41.772,42.132,97103.0,4091143.596,0.0,-4.401887819931027,5.123048932299149
2026-01-19,41.982,42.382,41.322,41.482,57025.0,2365511.05,0.0,-1.5427703408335658,2.5652194956681553
2026-01-20,41.832,42.142,40.582,41.062,66086.0,2713623.332,0.0,-1.0124873439082083,3.844068798974921
2026-01-21,40.632,41.442,40.422,40.752,46480.0,1894152.9600000002,0.0,-0.7549559203156031,2.523378358319735
2026-01-22,40.742,41.722,40.592,41.022,56621.0,2322706.662,0.0,0.6625441696112899,2.783799763500203
2026-01-23,41.122,42.642,40.882,42.262,82438.0,3483994.756,0.0,3.0227682706840175,4.305073137322061
2026-01-26,42.272,42.642,40.342,40.982,72554.0,2973408.028,0.0,-3.028725569069146,5.701254275940718
2026-01-27,40.682,41.172,39.252,40.042,59435.0,2379896.27,0.0,-2.29368991264457,4.891470498318543
2026-01-28,39.722,40.692,39.052,39.132,45242.0,1770409.944,0.0,-2.272613755556674,4.199528833350406
2026-01-29,39.002,41.672,38.322,40.482,105239.0,4260285.198,0.0,3.449862005519777,8.741714941808867
2026-01-30,40.182,40.612,39.252,39.712,57732.0,2292653.1840000004,0.0,-1.9020799367620134,3.4647916029756427
2026-02-02,39.582,40.872,39.132,39.212,49710.0,1949228.5200000003,0.0,-1.2590652699435934,4.446488807114387
2026-02-03,39.592,39.962,38.622,39.312,46998.0,1847585.376,0.0,0.2550239722533876,3.4695251411112924
2026-02-04,38.982,39.452,37.892,38.242,56070.0,2144228.94,0.0,-2.721815221815227,4.116964002955756
2026-02-05,38.032,39.102,37.902,38.602,38483.0,1485520.7659999998,0.0,0.9413733591339346,3.1660598385309364
2026-02-06,38.262,38.532,37.412,37.982,43041.0,1634783.2619999999,0.0,-1.6061343971814912,2.9936918635731784
2026-02-09,39.752,40.942,39.502,40.852,113006.0,4616521.112,0.0,7.556210836712118,3.645385043795245
2026-02-10,41.452,47.142,41.102,44.902,256121.0,11500345.142,0.0,9.913835307940877,14.695148654566703
2026-02-11,43.982,44.252,41.912,42.892,175931.0,7546032.4520000005,0.0,-4.476415304440772,5.583126550868495
2026-02-12,42.512,43.402,41.162,42.732,146327.0,6252845.364,0.0,-0.373029935652347,5.44191244351587
2026-02-13,42.312,46.292,41.992,45.712,211978.0,9689938.336000001,0.0,6.973696527192752,10.240045722994868
2026-02-24,44.502,46.732,43.252,46.082,151685.0,6989948.17,0.0,0.8094154707735335,8.045870711180978
2026-02-25,45.252,45.932,42.742,43.032,118097.0,5081950.103999999,0.0,-6.61863634390869,7.463384960928372
2026-02-26,42.892,43.192,40.782,41.082,98106.0,4030390.6920000003,0.0,-4.531511433351909,5.909469864155765
2026-02-27,40.982,44.082,40.672,42.012,147028.0,6176940.336,0.0,2.2637651526215885,8.384146341463424
2026-03-02,40.942,42.182,39.962,40.212,84667.0,3404629.404,0.0,-4.28449014567266,5.555277513637953
2026-03-03,40.222,40.332,37.552,37.672,78092.0,2941881.8239999996,0.0,-6.316522431115102,7.4030677460588015
2026-03-04,37.172,37.742,36.862,37.272,42616.0,1588383.552,0.0,-1.061796559779138,2.387282296131505
2026-03-05,38.032,38.472,36.782,36.912,44863.0,1655983.0559999999,0.0,-0.965872504829357,4.5946386819640175
2026-03-06,36.492,37.252,36.482,37.182,32811.0,1219978.602,0.0,0.7314694408322664,2.1106298996765616
2026-03-09,36.382,36.902,35.492,36.472,53550.0,1953075.6,0.0,-1.9095261147867304,3.972726248168612
2026-03-10,36.862,37.722,36.792,37.282,41188.0,1535571.0159999998,0.0,2.2208817723184726,2.5277234181343764
2026-03-11,37.192,37.462,36.582,36.802,32351.0,1190581.502,0.0,-1.2874845770076582,2.4055546443606213
2026-03-12,36.682,36.882,35.732,35.782,32118.0,1149246.2759999998,0.0,-2.7715885006249774,3.218403671778794
2026-03-13,35.652,35.782,34.382,34.542,46914.0,1620503.388,0.0,-3.4654295455815665,4.071898086207896
2026-03-16,34.522,35.212,34.252,35.172,26840.0,944016.4799999999,0.0,1.8238665971860302,2.802756043442721
2026-03-17,35.152,35.302,34.452,34.472,24555.0,846459.9600000001,0.0,-1.9902194927783334,2.4672007430628162
2026-03-18,34.462,36.032,34.462,35.682,41723.0,1488760.0860000001,0.0,3.5100951496866983,4.555742557019305
2026-03-19,35.252,37.682,35.182,36.882,87127.0,3213418.014,0.0,3.3630401883302463,7.105906429424137
2026-03-20,36.882,38.472,35.332,35.332,62176.0,2196802.432,0.0,-4.2025920503226395,8.887127816144007
2026-03-23,34.702,34.982,32.402,32.742,69044.0,2260638.648,0.0,-7.330465300577393,7.962471452379477
2026-03-24,33.482,33.642,32.432,33.542,36551.0,1225993.642,0.0,2.443344939221803,3.7308830784410483
2026-03-25,33.762,34.742,33.562,34.182,31767.0,1085859.594,0.0,1.90805557211855,3.5158810559561404
2026-03-26,34.162,34.372,32.992,33.152,33126.0,1098193.152,0.0,-3.013281844245508,4.182832201745886
2026-03-27,32.892,34.142,32.672,33.942,30476.0,1034416.392,0.0,2.382963320463327,4.499265426052908
2026-03-30,33.412,33.852,33.062,33.742,24802.0,836869.0839999999,0.0,-0.5892404690354236,2.389450124009435
2026-03-31,33.992,34.562,33.312,33.432,40524.0,1354798.368,0.0,-0.9187362930472287,3.75240153698367
2026-04-01,34.002,34.132,33.262,33.732,33597.0,1133294.004,0.0,0.8973438621679763,2.6155973783897464
2026-04-02,33.502,33.502,32.262,32.522,34416.0,1119277.152,0.0,-3.5870983042808002,3.843531089207123
2026-04-03,32.762,32.832,30.982,31.202,29938.0,934125.476,0.0,-4.058790972264914,5.971209089148542
2026-04-07,31.332,32.112,31.122,31.842,25588.0,814773.096,0.0,2.0511505672713204,3.1810294968189767
2026-04-08,32.582,34.142,32.422,34.082,51082.0,1740976.724,0.0,7.034733999120668,5.305039787798427
2026-04-09,33.652,34.222,32.952,33.202,37576.0,1247598.352,0.0,-2.5820080981163174,3.8540907987375674
2026-04-10,33.482,33.882,33.292,33.612,31775.0,1068021.3,0.0,1.2348653695560596,1.7721975249309032
2026-04-13,33.432,33.432,32.742,32.932,23792.0,783518.1440000001,0.0,-2.023086992740686,2.1073850100788127
2026-04-14,33.342,33.752,32.642,33.192,29507.0,979396.344,0.0,0.7895056480019313,3.400526928497026
2026-04-15,33.572,33.702,32.812,32.892,28230.0,928541.16,0.0,-0.9038322487346262,2.712422284530052
2026-04-16,32.972,33.912,32.932,33.722,33150.0,1117884.3,0.0,2.5234099477076333,2.9758289809303924
2026-04-17,33.492,33.802,32.902,33.662,33480.0,1127003.76,0.0,-0.17792538995314855,2.7353960245577733
2026-04-20,33.742,35.322,33.482,35.172,59451.0,2091010.572,0.0,4.485770304794712,5.495490114091163
2026-04-21,35.562,37.012,35.302,35.982,90986.0,3273858.252,0.0,2.3029682702149445,4.843918191603878
2026-04-22,35.482,35.962,34.832,35.252,44467.0,1567550.6840000001,0.0,-2.028792173864702,3.244143316490591
2026-04-23,34.402,35.772,34.082,34.422,46346.0,1595322.0119999999,0.0,-2.3544763417678527,4.958629188427902
2026-04-24,34.402,34.402,32.912,33.412,39450.0,1318103.4,0.0,-2.934170007553305,4.527224112785616
2026-04-27,33.592,33.782,32.402,33.372,37340.0,1246110.48,0.0,-0.11971746677840178,4.258996358249477
2026-04-28,33.182,33.182,31.702,32.042,45312.0,1451887.104,0.0,-3.9853769627232305,4.668475175067821
2026-04-29,32.0,32.9,31.93,32.07,36592.0,1173505.44,0.0,0.08738530678484846,3.037895396179138
2026-04-30,32.07,32.49,31.68,32.24,29138.0,939409.1200000001,0.0,0.5300904271905216,2.5568181818181888
2026-05-06,32.5,33.0,32.19,32.42,31590.0,1024147.8,0.0,0.5583126550868567,2.516309412861144
2026-05-07,32.42,34.73,32.26,34.15,58209.0,1987837.3499999999,0.0,5.336212214682279,7.656540607563543
2026-05-08,34.62,35.47,33.84,33.88,51105.0,1731437.4000000001,0.0,-0.7906295754026238,4.816784869976345
2026-05-11,33.72,34.35,33.42,33.98,34991.0,1188994.18,0.0,0.2951593860684554,2.7827648114901247
2026-05-12,33.86,33.98,32.63,32.69,34979.0,1143463.51,0.0,-3.796350794585046,4.137296965982207
2026-05-13,32.89,33.23,32.46,32.94,27664.0,911252.1599999999,0.0,0.7647598654022536,2.3721503388786074
2026-05-14,32.97,33.5,31.06,31.11,46369.0,1442539.59,0.0,-5.5555555555555465,7.85576303927882
2026-05-15,31.04,31.98,30.68,30.94,43100.0,1333514.0,0.0,-0.5464480874316835,4.237288135593223
